case_id,state,title,date,region,agency,project_type,entities,dollar_amount,dollar_amount_basis,violation_type,case_stage,summary,citing_source,source_url,verification_class,corroboration_note,is_duplicate,duplicate_of,scheme_family,count_in_dollar_total
ny-cap-2018-i,NY,Capital Region Construction Executives Indicted In Scheme To Obtain Millions Of Dollars In Public Contracts Through The Fraudulent Use Of Minority-Owned Businesses,2018-07-17,Capital Region (Albany/Schenectady/Latham),OGS / DASNY / Div. of Minority & Women's Business Development,State Office/Correctional,Michael Martin (Eastern Building & Restoration Inc.); D. Scott Henzel,800000,restitution later agreed at plea,"MWBE/identity-theft fraud, prevailing-wage theft, insurance fraud, tax evasion",Indicted,"Martin and Henzel allegedly took over two minority-owned firms (Lorice Enterprises, Precision Environmental Solutions) on paper only, using them to win millions in state contracts reserved for MBEs while controlling all finances themselves; also underpaid 50+ laborers' pension benefits and ran an insurance-fraud side scheme.",NYS Office of the Inspector General,https://ig.ny.gov/news/capital-region-construction-executives-indicted-scheme-obtain-millions-dollars-public,confirmed,NY AG press release + Times Union independent news coverage.,True,ny-cap-2018-s,ny-cap-martin-henzel,False
ny-cap-2018-s,NY,Capital Region Construction Executive Sentenced To Prison For Fraud Scheme Involving Millions Of Dollars In Public Contracts As Well As Six-Figure Insurance And Wage Theft,2018-12-07,Capital Region (Albany/Schenectady/Latham),OGS / DASNY / Div. of Minority & Women's Business Development,State Office/Correctional,Michael Martin (Eastern Building & Restoration Inc.); D. Scott Henzel,800000,restitution agreed at plea,"MWBE/identity-theft fraud, prevailing-wage theft, insurance fraud, tax evasion",Sentenced,"Martin sentenced to 3.5-12 years and Henzel to 1-3 years for the identity-theft/MWBE fraud, prevailing-wage theft, and insurance-fraud scheme; $800,000 restitution agreed.",NYS Office of the Inspector General,https://ig.ny.gov/news/capital-region-construction-executive-sentenced-prison-fraud-scheme-involving-millions-dollars,confirmed,NY AG press release + Times Union independent news coverage of sentencing.,False,,ny-cap-martin-henzel,True
ny-ogs-2014-01,NY,"NYS Inspector General: Rochester Area Contractor and State Official Defrauded the State of More Than $400,000 in Overbilled Contracts",2014-06-06,"Rochester / Sodus, NY",Office of General Services (OGS),State Office/Correctional,Glenn LeClaire (LeClaire-Fleming Mechanical Contractors Inc.); John Hall (former OGS engineer-in-charge),419000,total overbilling identified (2006-2009),"Fraudulent invoicing/overbilling, labor-hour inflation, bribe receiving",Sentenced,"LeClaire submitted fictitious/inflated invoices across 16 state-prison emergency-repair contracts; Hall, the OGS official overseeing the contracts, approved the fraudulent reimbursements in exchange for over $50,000 in construction equipment and home-improvement materials.",NYS Office of the Inspector General,https://ig.ny.gov/news/nys-inspector-general-rochester-area-contractor-and-state-official-defrauded-state-more-400000,uncorroborated,No independent second source found after searching.,False,,ny-ogs-hall-leclaire,True
ny-ogs-2011-01,NY,Contractor Stole From State By Overbilling For Emergency Work,2011-06-17,Statewide (correctional facilities),Office of General Services (OGS),State Office/Correctional,David J. Darling (Pro Care Contracting Inc.),41000,"fraudulent billings, final figure",Fraudulent reimbursement requests via altered invoices,Investigation concluded,"Pro Care's leadership submitted false reimbursement claims with altered invoices for state-prison emergency work, claiming rental fees for equipment it already owned, across 10 contracts over three years.",NYS Office of the Inspector General,https://ig.ny.gov/news/contractor-stole-state-overbilling-emergency-work,uncorroborated,No independent second source found after searching.,False,,ny-ogs-procare-darling,True
ny-nypa-2015-delaney,NY,Rockland County Construction Services Company Owner Pleads Guilty to Fraud Conspiracy and Tax Violation Involving Contract with the New York Power Authority,2015-06-08,Rockland/Westchester (White Plains NYPA facility),New York Power Authority (NYPA),Power Infrastructure,Thomas Delaney (Over Rock Construction LLC),400000,"fraudulent overcharges, 2009-2012 (family total)",Fraud conspiracy; false tax return filing,Guilty plea,"Delaney submitted fraudulent certified payroll statements/invoices to NYPA seeking reimbursement for employees who performed no work under a five-year, $3M landscaping/maintenance contract, and filed a tax return substantially understating his income.",U.S. Department of Justice,https://ig.ny.gov/news/rockland-county-construction-services-company-owner-pleads-guilty-fraud-conspiracy-and-tax,confirmed,DOJ/FBI press release (justice.gov archives) independently corroborates.,False,,ny-nypa-overrock,False
ny-nypa-2016-sheridan,NY,Former Investigator Sentenced to Restitution and Supervised Release For Defrauding New York Power Authority In $3 Million Government Contract Scheme,2016-09-09,"Valley Cottage, NY",New York Power Authority (NYPA),Power Infrastructure,Stephen Sheridan (former NYPA senior investigator); Thomas Delaney; Peter Shine; John Simonlacaj; Over Rock Construction LLC,400000,"fraudulent overcharges, 2009-2012 (family total, 4 co-defendants)","Bid rigging, conspiracy to defraud, false payroll submissions, false tax returns, wage skimming",Sentenced,"Sheridan, the NYPA insider overseeing the $3M landscaping/maintenance contract, helped Delaney's company fraudulently bill for non-existent employees while diverting worker wages, concealing his cut via false tax filings; sentenced to restitution, supervised release, and a $500,000 fine. Three co-defendants (Delaney, Shine, Simonlacaj) were separately charged and pleaded guilty in the same investigation.",U.S. Department of Justice,https://ig.ny.gov/news/former-investigator-sentenced-restitution-and-supervised-release-defrauding-new-york-power,confirmed,"DOJ Office of Public Affairs press releases (multiple, one per co-defendant) independently corroborate.",False,,ny-nypa-overrock,True
ny-omh-2009-01,NY,Inspector General's Investigation into Construction Bribes Prompts Indictments at OMH,2009-04-02,"New York City (Ward's Island, Manhattan)",NYS Office of Mental Health (OMH),Psychiatric Facility,Victor Boissiere (OMH maintenance supervisor); Sabrina Boissiere (OMH general mechanic),6600,bribes received,Bribe receiving; bid-rigging,Indicted,"Victor Boissiere, who selected contractors and gathered bids for OMH construction work, accepted bribes from a contractor to rig bids on seven projects (2004-2006, ~$83,000 total value) at Manhattan Psychiatric Center; his sister allegedly assisted administratively.",NYS Office of the Inspector General,https://ig.ny.gov/news/inspector-generals-investigation-contstruction-bribes-prompts-indictments-omh,uncorroborated,No independent second source found after searching.,False,,ny-omh-boissiere,True
ny-dec-2016-01,NY,Former DEC Project Manager Sentenced to Prison for Elaborate Contractor Fraud Scheme,2016-11-28,Staten Island (project) / New York Mills (defendant),Dept. of Environmental Conservation (DEC),Environmental/Historic,David Comenale (former DEC project manager); Midlantic Environmental Inc.,167000,restitution ordered,"Grand larceny (3rd degree, 2 counts), forgery, bank-loan fraud",Sentenced,"Comenale used his DEC oversight authority over the Cardinal O'Connor (Prince's Bay) Lighthouse restoration to solicit money for electrical work, then diverted most of it through shell companies he controlled, and separately orchestrated a fraudulent bank loan through a contractor; sentenced to 2-6 years.",NYS Office of the Inspector General,https://ig.ny.gov/news/former-dec-project-manager-sentenced-prison-elaborate-contractor-fraud-scheme,confirmed,NY Attorney General press release (joint AG/IG announcement) independently corroborates.,False,,ny-dec-comenale,True
ny-dasny-2019-nichter,NY,Construction Company Sentenced For Defrauding State On A Public Project,2019-06-28,Lancaster / Buffalo (Erie County),Dormitory Authority of the State of NY (DASNY),Psychiatric Facility,Nichter Construction Inc.; Christopher M. Nichter; William McClendon (McClendon Asphalt Paving),43807,falsely claimed MWBE subcontract value,MWBE pass-through fraud; false instrument filing,Sentenced,"Nichter falsely certified that a minority-owned firm performed $43,807 of plumbing/electrical work at the Buffalo Psychiatric Center to satisfy state MWBE requirements, when non-MWBE companies actually did the work and the MWBE firm was paid a fee just to pass through the paperwork; fined $10,000.",NYS Office of the Inspector General,https://ig.ny.gov/news/construction-company-sentenced-defrauding-state-public-project,confirmed,Buffalo News independent coverage of both the plea and sentencing.,False,,ny-dasny-nichter,True
ny-dasny-2019-coler,NY,DASNY M/WBE Documentation Irregularities -- Coler Hospital Sprinkler Contract,2019-05-13,"Roosevelt Island, NYC",Dormitory Authority of the State of NY (DASNY),Public Hospital,Prime contractor and MBE subcontractor (names redacted in released document),84651,paid to MBE subcontractor under review,MWBE documentation alteration; role misclassification to inflate MWBE credit,IG finding issued to DASNY (no criminal referral in released document),IG found the prime contractor on a Coler Hospital sprinkler-installation contract may have altered MWBE documentation and mischaracterized a subcontractor's role to claim MWBE credit it wasn't entitled to; recommended DASNY adjust utilization credits.,NYS Office of the Inspector General,https://ig.ny.gov/system/files/documents/2022/12/5.13.2019-dasny-altered-documents-mwbe-projects.pdf,uncorroborated,"No independent second source found after searching; administrative finding, not a criminal case.",False,,ny-dasny-mwbe-findings,True
ny-dasny-2024-scottlawn,NY,Investigation of Scott Lawn Yard MBE Pass-Through Scheme (DASNY),2024-05-16,SUNY Brockport (Monroe County),Dormitory Authority of the State of NY (DASNY),Higher Education,Scott Lawn Yard (prime); DMYLES Inc. (MBE subcontractor); James J. Totaro & Associates Inc. (actual work performer),189940,MBE subcontract value (pass-through),MWBE pass-through fraud (no commercially useful function),IG investigation completed; referred to NY AG (declined) and Empire State Development,IG found DMYLES was never actually involved in furnishing/installing a granite seat-wall at SUNY Brockport -- Totaro Inc. did all the real work -- while DMYLES collected a 5% pass-through fee so Scott Lawn Yard could claim MWBE credit it hadn't earned.,NYS Office of the Inspector General,https://ig.ny.gov/system/files/documents/2025/11/5.16.24-dasny-dasny-allegation-of-mwbe-fraud-scott.pdf,uncorroborated,No independent second source found after searching; AG declined criminal prosecution.,False,,ny-dasny-mwbe-findings,True
ny-dasny-2024-javen,NY,Investigation of Javen Construction MBE Pass-Through Scheme (DASNY),2024-05-16,SUNY at Buffalo (Erie County),Dormitory Authority of the State of NY (DASNY),Higher Education,Javen Construction Co. Inc. (prime); 7Gens LLC; DMYLES Inc. (MBE subcontractor); Prestige Countertops & Services Inc.,220000,MBE contracted scope,MWBE pass-through fraud,IG investigation completed; referred to NY AG (declined) and Empire State Development,"The same pattern as the Scott Lawn Yard case, published the same day: DMYLES again functioned as a pass-through, letting Javen Construction claim MWBE credit for SUNY Buffalo bathroom-rehab work that Prestige actually performed.",NYS Office of the Inspector General,https://ig.ny.gov/system/files/documents/2025/11/5.16.24-dasny-allegation-of-mwbe-fraud-javen.pdf,uncorroborated,No independent second source found after searching; AG declined criminal prosecution.,False,,ny-dasny-mwbe-findings,True
ny-dasny-2024-seabreeze,NY,"DASNY Invoice Alteration/Inflation by State Subcontractor -- ""Sea Breeze""",2024-11-07,Suffolk County,Dormitory Authority of the State of NY (DASNY),Higher Education,Sea Breeze (contractor),33000,overbilling identified across 3 invoices,Invoice fraud/overbilling (doctored invoices),Referred to Suffolk County DA; prosecution declined,"IG found Sea Breeze submitted invoices to DASNY that had been doctored to inflate billed amounts by $33,000 across three billing cycles (Oct 2022-Jan 2023); DASNY caught it before full reimbursement.",NYS Office of the Inspector General,https://ig.ny.gov/system/files/documents/2025/11/11.7.24-dasny-alteration-inflation-of-invoices-by-state-subcontractor.pdf,uncorroborated,No independent second source found after searching.,False,,ny-dasny-mwbe-findings,True
ny-dot-2018-i,NY,State Contractor Indicted for Fraud,2018-02-08,"Holley, NY / statewide bridges",NYS Dept. of Transportation (NYSDOT),Bridge,Nathaniel P. Lorenz; ACME Powerwashing Inc.; S.E. Brett Inc. (shell company),600000,restitution later ordered,"Wire fraud, mail fraud",Indicted,"Lorenz allegedly submitted fabricated invoices claiming purchase of required sealing chemicals for federally-funded bridge-deck contracts that were never actually bought, funneling the claims through a non-operational shell company.","U.S. Attorney, Northern District of NY",https://www.justice.gov/usao-ndny/pr/state-contractor-indicted-fraud,confirmed,"Independently corroborated by federal DOT-OIG (oig.dot.gov/library-item/36286), separate from the NYS IG.",True,ny-dot-2019-s,ny-dot-lorenz-acme,False
ny-dot-2019-s,NY,State Contractor Sentenced To 18 Months For Defrauding NYSDOT On Federally Funded Contracts,2019-05-02,"Holley, NY / statewide bridges",NYS Dept. of Transportation (NYSDOT),Bridge,Nathaniel P. Lorenz; ACME Powerwashing Inc.,600000,restitution ordered,"Wire fraud, mail fraud",Sentenced,"Lorenz sentenced to 18 months and $600,000 restitution for concealing that he never purchased required bridge-sealing chemicals while billing NYSDOT for $1.9M+ in contract work since 2010.","U.S. Attorney, Northern District of NY",https://www.justice.gov/usao-ndny/pr/state-contractor-sentenced-18-months-defrauding-nysdot-federally-funded-contracts,confirmed,"Independently corroborated by federal DOT-OIG, separate from the NYS IG and DOJ NDNY.",False,,ny-dot-lorenz-acme,True
ny-suny-2018-conv,NY,"Alain Kaloyeros, President Of SUNY Polytechnic Institute, And Three Executives Of Real Estate Development Companies Found Guilty Of Fraud In Connection With Buffalo Billion Projects",2018-07-12,"Statewide (Buffalo, Syracuse; tried in SDNY)",SUNY Polytechnic Institute / Fort Schuyler Management Corp.,Economic Development,Alain Kaloyeros; Louis Ciminelli (LPCiminelli); Steven Aiello & Joseph Gerardi (COR Development),0,"contract value described only as ""hundreds of millions of dollars""; not itemized in charging documents","Wire fraud conspiracy, wire fraud, false statements",Convicted at trial,"Jury found Kaloyeros and three developer-executives guilty of rigging the RFP process for Buffalo Billion economic-development contracts (the RiverBend solar-panel factory, a Syracuse tech hub) -- Kaloyeros secretly tailored RFP specs to predetermined winners, then evidence was deleted after FBI interviews of competing bidders began.","U.S. Attorney, Southern District of NY",https://www.justice.gov/usao-sdny/pr/alain-kaloyeros-president-suny-polytechnic-institute-and-three-executives-real-estate,confirmed,"Extensive independent press (Buffalo News, Engineering News-Record) and NY AG joint charging announcement in 2016.",True,ny-suny-2026-final,ny-suny-buffalobillion,False
ny-suny-2023-vacated,NY,Ciminelli v. United States (U.S. Supreme Court),2023-05-11,N/A (federal appellate),SUNY Polytechnic Institute / Fort Schuyler Management Corp.,Economic Development,"Louis Ciminelli (and by extension Kaloyeros, Aiello, Gerardi)",0,"not applicable -- legal-theory reversal, not a new violation",N/A (appellate ruling),Convictions vacated (Supreme Court); remanded for retrial,"The Supreme Court unanimously held that the ""right to control"" theory of wire fraud used to convict Ciminelli (and, by the same theory, the other Buffalo Billion defendants) is not a valid basis for federal fraud liability; convictions were vacated and the case remanded.",U.S. Supreme Court,https://www.law.cornell.edu/supremecourt/text/21-1170,confirmed,Widely covered by national legal press (SCOTUSblog and others).,True,ny-suny-2026-final,ny-suny-buffalobillion,False
ny-suny-2026-final,NY,'Buffalo Billion' Corruption Cases in NY End With Industry Execs' Guilty Pleas,2026-01-06,"Statewide (Buffalo, Syracuse)",SUNY Polytechnic Institute / Fort Schuyler Management Corp.,Economic Development,Louis Ciminelli; Steven Aiello; Joseph Gerardi; Alain Kaloyeros,1600000,Ciminelli forfeiture under the final 2026 plea agreement,"Wire fraud conspiracy (one count, per new plea agreements)",New guilty pleas entered post-remand; case resolved,"After the Supreme Court vacated the original convictions and ordered retrial, all four defendants pleaded guilty again under new, narrower plea agreements nine years after the case began -- Ciminelli forfeiting $1.6M and paying a $250,000 fine but receiving a time-served sentence, Kaloyeros paying a $100,000 fine. This is the only financial outcome from the scheme that actually stuck; the original 2018 sentences and fines were vacated along with the convictions.",Engineering News-Record; Investigative Post,https://www.enr.com/articles/62340-buffalo-billion-corruption-cases-in-ny-end-with-industry-execs-guilty-pleas,confirmed,Law360 and Buffalo News independently corroborate the final 2026 resolution.,False,,ny-suny-buffalobillion,True
ny-percoco-2018-01,NY,"Joseph Percoco, Former Executive Aide And Campaign Manager To N.Y. Governor, Sentenced To 6 Years In Prison For Accepting Bribes",2018-09-20,Statewide / Albany,Governor's Executive Chamber (bribes tied to Empire State Development / Buffalo Billion matters),Economic Development,Joseph Percoco; Todd Howe; Steven Aiello (COR Development); Peter Galbraith Kelly Jr. (CPV),315000,total bribes received,"Honest-services fraud conspiracy, bribery",Sentenced,"Percoco solicited bribes disguised as his wife's low-show job (from energy company CPV) and as payments funneled through COR Development -- the same developer in the SUNY Poly bid-rigging scheme -- in exchange for using his influence over state economic-development decisions, including expediting delayed funding to COR. His conviction was later partly vacated by a 2023 companion Supreme Court ruling on the same fraud-theory issue as Ciminelli; final resolution not independently confirmed.","U.S. Attorney, Southern District of NY",https://www.justice.gov/usao-sdny/pr/joseph-percoco-former-executive-aide-and-campaign-manager-ny-governor-sentenced-6-years,confirmed,Extensive independent press coverage (City & State NY and others).,False,,ny-suny-buffalobillion-ecosystem,True
ny-cuny-2026-01,NY,Inspector General Lang Announces $1.5 Million Deferred Prosecution Agreement in Construction Fraud Case Involving Public Projects,2026-04-08,New York City (Queens -- York College campus),City University of New York (CUNY) -- York College,Higher Education,"Vanguard Construction and Development Co., Inc.",1500000,total forfeiture under deferred prosecution agreement,Scheme to defraud (1st degree); overbilling via falsified change orders,Deferred prosecution agreement,"Between Dec. 2017 and Dec. 2022, Vanguard submitted false billing documents -- falsified subcontractor change orders and inflated payment requests -- across at least four public construction projects, including CUNY York College; resolved via a $1.5M forfeiture DPA jointly with the Manhattan DA rather than a straight prosecution.",NYS Office of the Inspector General,https://ig.ny.gov/news/inspector-general-lang-announces-15-million-deferred-prosecution-agreement-construction-fraud,probable,Only aggregator/local coverage found (Hoodline); no separate Manhattan DA press release independently located despite DA being named as a partner in the IG release.,False,,ny-cuny-vanguard,True
ny-mta-2020-patel,NY,Former MTA Program Manager Pleads Guilty to Obstruction in Shell-Company Conflict of Interest Scheme,2020-03-11,Systemwide (Superstorm Sandy subway rehab contracts),MTA,Transit/Subway,Paresh Patel (MTA program manager); Satkirti Consulting Engineering LLC (shell company),0,not specified in release; underlying oversight contract volume was $65M in task orders under an $800M MTA construction-management contract,Obstruction of justice; underlying conflict-of-interest/undisclosed shell-company scheme,Guilty plea (obstruction count),Patel ran Superstorm Sandy subway-repair contracts while secretly operating a shell consulting company (registered in his children's names) to evade conflict-of-interest rules; when investigated he deleted evidence and coached witnesses to lie. A later MTA OIG report (2021-28) found the same shell company had received a no-bid subcontract from a vendor with undisclosed ties to in-house consultants.,"U.S. Attorney, Southern District of NY",https://mtaig.ny.gov/Reports/2021-28.pdf,uncorroborated,No independent second source found after searching beyond the MTA OIG's own later report on the same shell company.,False,,ny-mta-satkirti-patel,True
ny-mta-2023-nepotism,NY,MTA OIG Construction Investigation Unearths Ethical Breaches and Nepotism,2023-10-30,Systemwide,MTA (Office of the Inspector General),Transit/Subway,"MTA Construction & Development manager (unnamed, terminated); his nephew and brother; unnamed vendor",170000,contractor repayment recovered by MTA,"Nepotism, undisclosed conflicts of interest, vendor ethics-code violations","OIG investigation; manager terminated, contractor required to repay","MTA OIG found a 34-year construction manager steered oversight of contracts benefiting family members without disclosure -- a nephew with no construction experience was placed as a safety supervisor on a $14.6M facade renovation, and a brother was employed by the contractor on a $3.9M roof repair; MTA recovered over $170,000 from the contractor.",Office of the MTA Inspector General,https://mtaig.ny.gov/Reports/2023-01%20Contractor%20Contract%20Compliance%20&%20Addendum.pdf,confirmed,Empire Report New York independent news coverage.,False,,ny-mta-nepotism-2023,True
ny-mta-2020-overtime,NY,5 Current/Former MTA Employees Charged With Extensive Overtime Fraud,2020-12-03,"Systemwide (LIRR, NYC Transit)",MTA,Transit/Subway,Thomas Caputo; Joseph Ruzzo; John Nugent; Joseph Balestra; Michael Gundersen,1000000,combined fraudulent overtime claimed,Federal program fraud (fabricated overtime hours),Charged,"Five MTA employees claimed hundreds of overtime hours never worked, caught via cell-location data, badge-swipe records, and third-party evidence -- one was bowling, another on vacation, while purportedly on duty.","U.S. Attorney, Southern District of NY",https://www.justice.gov/usao-sdny/pr/5-currentformer-mta-employees-charged-extensive-overtime-fraud,confirmed,Gothamist independent news coverage.,False,,ny-mta-overtime-2020,True
ny-mta-2013-kleinberg,NY,Manhattan U.S. Attorney Files And Settles Civil Fraud Lawsuit Against Subcontractor For Violating The Federal Disadvantaged Business Enterprise Regulations,2013-06-12,Manhattan (Fulton St. Transit Center),"MTA (federally funded, joint MTA/DOT)",Transit/Subway,Kleinberg Electric Inc.; J&R Rey (2nd-tier DBE),936000,civil settlement,DBE fraud (pass-through/commission scheme),Civil settlement,Prime electrical contractor falsely reported DBE participation on the Fulton St. Transit Center/Dey St. Concourse project by paying a DBE firm commissions instead of real subcontract work.,"U.S. Attorney, Southern District of NY",https://justice.gov/usao-sdny/pr/manhattan-us-attorney-files-and-settles-civil-fraud-lawsuit-against-subcontractor-0,uncorroborated,No independent second source found after searching.,False,,ny-mta-kleinberg,True
ny-mta-2019-ahern,NY,Manhattan U.S. Attorney Settles Fraud Suit Against Ahern Painting Contractors For False Statements,2019-11-01,"Brooklyn/Queens (Brooklyn Bridge, Queens Plaza)",MTA + USDOT (federally funded),Bridge,Ahern Painting Contractors Co.; Tower Maintenance Corp. (certified DBE); Spectrum Painting Corp. (non-DBE),3550000,combined civil settlement across Ahern/Tower/Spectrum,DBE fraud (non-DBE staff posed as DBE employees),Civil settlement,Ahern exploited the federal DBE program by allowing a non-DBE subcontractor's (Spectrum) employees to be misrepresented as the certified DBE's (Tower) workers on two MTA/DOT-funded steel-painting jobs.,"U.S. Attorney, Southern District of NY",https://www.justice.gov/usao-sdny/pr/manhattan-us-attorney-settles-fraud-suit-against-ahern-painting-contractors-false,confirmed,NYC DOI independently posted its own press release on the same settlement.,False,,ny-mta-ahern-tower-spectrum,True
ny-mta-2021-tower,NY,Manhattan U.S. Attorney Settles Fraud Suit Against Tower Maintenance Corp. For False Statements,2021-08-17,Brooklyn/Queens (same projects as Ahern),MTA + USDOT,Bridge,Tower Maintenance Corp.,150000,Tower's individual settlement share,DBE fraud,Civil settlement,The certified DBE in the Ahern/Spectrum scheme settled its own civil fraud liability for falsely certifying it performed the disguised work.,"U.S. Attorney, Southern District of NY",https://www.justice.gov/usao-sdny/pr/manhattan-us-attorney-settles-fraud-suit-against-tower-maintenance-corp-false,probable,Only an oversight.gov mirror of the same DOJ release found; no fully independent second source located.,False,,ny-mta-ahern-tower-spectrum,False
ny-mta-2021-spectrum,NY,Manhattan U.S. Attorney Settles Fraud Suit Against Spectrum Painting For False Statements,2021-07-13,Brooklyn/Queens (same projects as Ahern),MTA + USDOT,Bridge,Spectrum Painting Corp.,400000,Spectrum's individual settlement share,DBE fraud,Civil settlement,The non-DBE firm that actually performed the disguised painting work settled its own liability in the same three-party scheme.,"U.S. Attorney, Southern District of NY",https://www.justice.gov/usao-sdny/pr/manhattan-us-attorney-settles-fraud-suit-against-spectrum-painting-false-statements,probable,Only an oversight.gov mirror of the same DOJ release found; no fully independent second source located.,False,,ny-mta-ahern-tower-spectrum,False
ny-mta-2015-granite,NY,Granite Construction To Pay More Than $8 Million In Forfeiture And Penalties For Engaging In DBE Fraud Scheme,2015-11-24,Queens (Maspeth bus depot),MTA,Bus Depot,Granite Construction Inc.; Granite Construction Northeast (GCN),8250000,total forfeiture + penalties (non-prosecution agreement),DBE fraud (front company performed no real work),Non-prosecution agreement,"From 2004-2008, GCN funneled roughly $22M in work through a DBE front company that did no actual work, falsely reporting DBE compliance to the MTA on the Maspeth bus depot project.","U.S. Attorney, Eastern District of NY",https://www.justice.gov/usao-edny/pr/granite-construction-pay-more-8-million-forfeiture-and-penalties-engaging-scheme,uncorroborated,No independent second source found after searching.,False,,ny-mta-granite,True
ny-mta-2018-lokhandwala,NY,Former MTA Manager Sentenced To 46 Months Imprisonment For Soliciting And Accepting Bribes,2018-02-23,Systemwide (NYCTA subway construction),MTA/NYCTA,Transit/Subway,Talib Lokhandwala (former Construction Project Administrator),152420,bribes received,Bribery / public corruption,Sentenced,"From 2009-2015, Lokhandwala solicited bribes from two contractors on NYCTA subway projects in exchange for steering work and threatened to bar them if payments stopped, concealing proceeds via shell accounts; sentenced to 46 months.","U.S. Attorney, Eastern District of NY",https://www.justice.gov/usao-edny/pr/former-mta-manager-sentenced-46-months-imprisonment-soliciting-and-accepting-bribes,uncorroborated,No independent second source found after searching.,False,,ny-mta-lokhandwala,True
ny-mta-2020-berlangero-i,NY,"MTA Contractor, Metro-North Employee Indicted In Extensive Bid-Rigging Scheme",2020-01-20,"Systemwide (Metro-North; Sandy repair, Grand Central asbestos removal)",MTA (Metro-North Railroad),Transit/Subway,James Berlangero (former Metro-North contract manager); Michael Rodgers (WRS Environmental Services); Thomas Willis; WRS Environmental Services,10000000,contracts steered to WRS,"Bid-rigging, bribery/corrupting government",Indicted,"Berlangero leaked confidential competitor pricing and steered no-bid/rigged contracts to WRS in exchange for a sustained kickback stream, including cash, home renovations, and a job for his daughter.",Manhattan District Attorney,https://www.enr.com/articles/48551-manhattan-da-indicts-cleanup-firm-execs-mta-ex-official-in-bribe-scheme,confirmed,Engineering News-Record and Gothamist independent coverage.,True,ny-mta-2022-berlangero-s,ny-mta-wrs-berlangero,False
ny-mta-2022-berlangero-s,NY,D.A. Bragg Announces Sentencing of Former Metro-North Contract Manager,2022-09-13,Systemwide (Metro-North),MTA (Metro-North Railroad),Transit/Subway,James Berlangero; Michael Rodgers (WRS Environmental Services); Thomas Willis,10000000,contracts steered to WRS,"Bid-rigging, bribery/corrupting government",Sentenced,"Berlangero sentenced to 1-3 years state prison for leaking confidential pricing and steering more than $10M in contracts to WRS in exchange for over $70,000 in kickbacks; Rodgers pleaded guilty and was required to sell WRS, Willis received probation.",Manhattan District Attorney,https://manhattanda.org/d-a-bragg-metro-north-contract-manager/,confirmed,amNewYork independent news coverage of the sentencing.,False,,ny-mta-wrs-berlangero,True
ny-mta-2026-rocco,NY,"D.A. Bragg, MTA I.G. Announce Indictment In $339K Wage Theft Case",2026-01-13,Manhattan (14th St-6th Ave station) + 9 MTA contracts citywide,MTA,Transit/Subway,"Rocco Mechanical, Inc.; Steven Restrepo; Rocio Restrepo",339000,wage-theft scheme total,Prevailing-wage theft via cash kickbacks; falsified certified payrolls,Indicted,"From Sept. 2020-Dec. 2024, the HVAC contractor paid full prevailing wages on paper but required 13 workers to kick back roughly 22% in cash, threatening reduced hours or termination for refusal.",Manhattan District Attorney / Office of the MTA Inspector General,https://manhattanda.org/d-a-bragg-mta-i-g-announce-indictment-in-339k-wage-theft-case/,confirmed,"Independent local news coverage (Hoodline, Chelsea News NY).",False,,ny-mta-rocco,True
ny-sca-2013-nadeem-charge,NY,Three Charged In Scheme To Defraud New York City School Construction Authority Of Over $32 Million,2013-02-21,Brooklyn (defendants); projects citywide,NYC School Construction Authority (SCA),School Construction,Muzaffar Nadeem (SM&B Construction Co.); Afzaal Chaudry; Zainul Syed; Irfan Muzaffar,32000000,fraud-induced SCA payments since 2008,Prevailing-wage theft; mail/wire fraud; illegal structuring; money laundering; bribery,Complaint unsealed / arrests,"SM&B paid bricklayers $250/day (vs. $580 required) and laborers $125/day (vs. $460-540) on SCA school jobs while certifying full prevailing-wage compliance, laundering proceeds overseas.","U.S. Attorney, Eastern District of NY",https://www.justice.gov/usao-edny/pr/three-charged-scheme-defraud-new-york-city-school-construction-authority-over-32,confirmed,U.S. Dept. of Labor OIG independently co-published on the same investigation.,True,ny-sca-2016-nadeem-sentenced,ny-sca-smb-nadeem,False
ny-sca-2016-nadeem-sentenced,NY,"School Construction Authority General Contractor Sentenced To 96 Months In Prison, Long Island",2016-04-01,New York City (SCA projects),NYC School Construction Authority (SCA),School Construction,Muzaffar Nadeem; Zainul Syed; Afzaal Chaudry; Irfan Muzaffar; Russell Argila (union shop steward),36000000,total fraud-induced SCA payments (scheme total),"Prevailing-wage fraud, bribery, money laundering, illegal structuring, tax fraud",Sentenced,"Final stage of the SM&B/Nadeem scheme: Nadeem sentenced to 96 months, ordered to forfeit $7.1M and pay $1.3M restitution to the IRS, after a jury convicted all four original defendants and a union shop steward separately pleaded guilty to taking bribes to look the other way.","U.S. Attorney, Eastern District of NY",https://www.justice.gov/usao-edny/pr/school-construction-authority-general-contractor-sentenced-96-months-prison-long,confirmed,U.S. Dept. of Labor OIG independently co-published on the same investigation.,False,,ny-sca-smb-nadeem,True
ny-sca-2020-kumar,NY,Construction Company Executive Pleads Guilty to Defrauding the New York City School Construction Authority,2020-10-26,New York City,NYC School Construction Authority (SCA),School Construction,"Rakesh Kumar (Basking Ridge, NJ); Orba Construction Company",666219,restitution to employees ordered,Conspiracy to commit mail fraud; prevailing-wage theft,Guilty plea,"Kumar admitted to underpaying workers on SCA school projects (2014-2018) while certifying prevailing-wage compliance via falsified certified payrolls; ordered to pay $666,219 restitution plus $510,000 forfeiture and $48,330 to SCA.","U.S. Attorney, Eastern District of NY",https://www.oversight.gov/investigative-press-releases/construction-company-executive-pleads-guilty-defrauding-new-york-city,confirmed,NYC Department of Investigation independently posted its own press release on the same case.,False,,ny-sca-kumar-orba,True
ny-doe-2025-temco,NY,Owners of Construction Company Charged with Defrauding the City of New York in Connection with Over $13.5 Million of Public School Repairs,2025-06-27,"East Meadow/Westbury, Long Island (defendants); NYC public schools (sites)",NYC Department of Education (DOE),School Construction,"Dalip Singh; Gurnirmal Singh; TEMCO Construction NY, Inc.",13500000,fraudulent public-school repair work value,Wire fraud conspiracy; falsified certified payrolls; prevailing-wage theft,Criminal complaint filed,"Owners allegedly fabricated payroll records (fake names, omitted real workers, inflated wages) to claim prevailing-wage compliance while paying undocumented workers in cash well below scale; one defendant allegedly told employees to destroy evidence.","U.S. Attorney, Eastern District of NY",https://www.justice.gov/usao-edny/pr/owners-construction-company-charged-defrauding-city-new-york-connection-over-135,confirmed,Independent local news coverage (Hoodline).,False,,ny-doe-temco,True
ny-scanycha-2014-i,NY,AG Schneiderman And DOI Commissioner Peters Announce Arrests Of NYC School Construction And Housing Authority Contractors And Labor Brokers,2014-12-04,Brooklyn (P.S. 196K) and Queens (Pomonok Houses),NYC School Construction Authority (SCA) + NYCHA,School Construction,"Baldev Singh; Avtar Singh (labor brokers); Mohammed Chatha; M.B. Din Construction, Inc.",100000,underpayment identified at charging stage,"Prevailing-wage theft, wage kickback scheme, falsified payroll, grand larceny",Indicted,"Labor brokers intercepted prevailing-wage checks, cashed them, and forced workers to return amounts above an artificially low daily rate the brokers set, on both an SCA school job and a NYCHA housing job.",NY Attorney General / NYC Department of Investigation,https://ag.ny.gov/press-release/2014/ag-schneiderman-and-doi-commissioner-peters-announce-arrests-nyc-school,confirmed,Jointly issued by NY AG and NYC DOI as independent co-investigating agencies.,True,ny-scanycha-2016-final,ny-scanycha-singh-chatha,False
ny-scanycha-2016-final,NY,AG Schneiderman Announces Convictions Of NYC School Construction And Housing Authority Contractor And Labor Brokers Who Stole Thousands From Workers,2016-01-14,"Brooklyn (P.S. 196K, P.S. 7x Bronx), Queens (Pomonok Houses)",NYC School Construction Authority (SCA) + NYCHA,School Construction,"Baldev Singh; Avtar Singh; Citi General Construction & Waterproofing Inc.; Dean Builders Group, Inc.",330000,combined restitution/settlement at final resolution,"Prevailing-wage theft, wage kickbacks",Guilty pleas / sentencing,"Final resolution: Singh brothers sentenced (3-year conditional discharge, 5-year public-contract ban) and general contractor Dean Builders separately paid over $200,000 in restitution for wage underpayment on the same SCA and NYCHA projects.",NY Attorney General,https://ag.ny.gov/press-release/2016/ag-schneiderman-announces-convictions-nyc-school-construction-and-housing,confirmed,Jointly issued by NY AG and NYC DOI as independent co-investigating agencies.,False,,ny-scanycha-singh-chatha,True
ny-nycha-2024-sweep,NY,70 Current And Former NYCHA Employees Charged With Bribery And Extortion Offenses,2024-02-06,Citywide -- nearly 1/3 of NYCHA's ~365 developments (~100 buildings),NYCHA,Public Housing,"70 current/former NYCHA employees (55 current, 15+ former)",2000000,bribes demanded (charging-stage estimate),"Bribery, extortion under color of official right, conspiracy",Charges unsealed / mass arrest,"NYCHA staff systematically demanded cash -- up front to award no-bid repair contracts under $10,000 (exempt from competitive bidding), or after the fact to approve payment -- from contractors doing repair work across the housing authority; described by USAO as the largest single-day bribery takedown in DOJ history.","U.S. Attorney, Southern District of NY / NYC Department of Investigation",https://www.justice.gov/usao-sdny/pr/70-current-and-former-nycha-employees-charged-bribery-and-extortion-offenses,confirmed,HUD Office of Inspector General independently co-published on the same investigation.,True,ny-nycha-2025-final,ny-nycha-sweep-2024,False
ny-nycha-2024-harris,NY,Former NYCHA Superintendent Convicted of Bribery and Extortion Offenses (Joy Harris),2024-10-17,"Manhattan (4 developments, 2015-2021)",NYCHA,Public Housing,Joy Harris (former superintendent),0,"individual bribes described as ""tens of thousands""; subset of the $2.1M family total",Federal program bribery; extortion under color of official right,Convicted at trial,"First of three superintendents (of the 70 charged in the February 2024 sweep) to be convicted at trial rather than by plea, typically collecting bribes worth about 10% of each repair contract's value.","U.S. Attorney, Southern District of NY",https://www.justice.gov/usao-sdny/pr/former-nycha-superintendent-convicted-bribery-and-extortion-offenses,confirmed,HUD Office of Inspector General independently co-published on the same case.,False,,ny-nycha-sweep-2024,False
ny-nycha-2025-final,NY,"All 70 NYCHA Employees Charged In February 2024 Sweep Convicted Of Bribery, Fraud, Or Related Offenses",2025-11-25,Citywide -- same scope as the 2024 sweep,NYCHA,Public Housing,All 70 original defendants (aggregate),2100000,bribes accepted (final aggregate figure),"Bribery, extortion (aggregate)","Final -- all 70 convicted (56 felony pleas, 11 misdemeanor pleas, 3 trial convictions)","DOJ and DOI announce the scheme's full resolution: every defendant from the February 2024 sweep has now been convicted (roughly $15M in NYCHA repair contracts were affected), with $2.1M in restitution and $2M in forfeiture ordered and sentences of up to 48 months.","U.S. Attorney, Southern District of NY / NYC Department of Investigation",https://www.justice.gov/usao-sdny/pr/all-70-nycha-employees-charged-february-2024-sweep-convicted-bribery-fraud-or,confirmed,HUD Office of Inspector General independently co-published on the same investigation.,False,,ny-nycha-sweep-2024,True
ny-dep-2018-dandb,NY,D&B Engineers and Architects Deferred Prosecution Agreement -- DEP Procurement Leaks,2018-11-01,Citywide (Kosciuszko Bridge reconstruction; MTA subway projects),NYC Dept. of Environmental Protection (DEP),Bridge,"D&B Engineers and Architects, P.C.; Henry Chlupsa; Ifeanyi ""Manny"" Madu (former NYC DEP manager); 17 other individuals/entities named in the wider Manhattan DA indictment",1800000,"subcontracts steered to Madu-controlled entities, forfeited by D&B","Bribery, corruption, procurement-information leaks, MWBE misuse",Deferred prosecution agreement (company); individuals indicted separately,"A DEP manager allegedly leaked confidential city procurement information to engineering firms, including D&B, in exchange for gifts/subcontracts; D&B secured roughly $1.8M in subcontracts routed to entities the DEP official secretly controlled, resolved via DPA with an integrity monitor imposed.",Manhattan District Attorney (via DOT-OIG summary),https://www.oig.dot.gov/library-item/36482,confirmed,Engineering News-Record independent trade-press coverage.,False,,ny-dep-dandb-chlupsa,True
ny-dep-2020-chlupsa-dismissed,NY,NYC Drops Pay-to-Play Charges Against Ex-Design Firm President,2020-05-12,New York City,NYC Dept. of Environmental Protection (DEP)-linked (Manhattan DA case),Bridge,Henry Chlupsa (former D&B president),0,not applicable -- charges dismissed,"(Original charges: bribery/corruption, 5 counts)",Charges dismissed / conviction vacated,"A significant negative outcome for the prosecution: the individual conviction tied to the D&B/DEP procurement-leak scheme was vacated and dismissed by the Manhattan DA, citing mishandled evidence and pandemic-era court constraints -- illustrating that not all these cases end in conviction even after a guilty plea.",Engineering News-Record,https://www.enr.com/articles/49348-nyc-drops-pay-to-play-charges-against-ex-design-firm-president,confirmed,Reported directly by Engineering News-Record; no DOI/DA press release located for the dismissal itself (dismissals are often not press-released by prosecutors).,False,,ny-dep-dandb-chlupsa,False
ny-dep-2014-schlesinger,NY,Electrical Contractor Settles With NYC For $10 Million; Executives Convicted,2014-09-24,Bronx (Croton Water Filtration Plant) + Wards Island Water Pollution Control Plant,NYC Dept. of Environmental Protection (DEP),Water/Sewer,"Schlesinger Electrical Contractors, Inc.; Schlesinger-Siemens Electrical, LLC; Robert Solomon; Jacob Levita",10000000,company settlement (2013); over $200M in contracts at issue overall,Scheme to defraud; false instrument filing (fraudulent Master Electrician supervision claims),Company settlement + individual convictions,"A major electrical contractor secured over $200M in NYC water-infrastructure contracts by falsely certifying that a licensed Master Electrician supervised code-required work at two major DEP capital projects, when unlicensed personnel actually performed it; company settled for $10M in 2013, board managers convicted/pleaded guilty in 2014.",NYC Department of Investigation / Manhattan DA,https://www.nyc.gov/assets/doi/press-releases/2014/sep/pr_schlesinger_conviction_92414.pdf,confirmed,CBS New York independent news coverage and a subsequent civil litigation record.,False,,ny-dep-schlesinger,True
ny-dep-2022-djurasevic,NY,"Defendant Pleads Guilty To Accepting More Than $500,000 In Bribes In Connection With Multi-Million Dollar NYC Water Board Program",2022-09-09,"Staten Island, Queens, Brooklyn (sewer/water lateral repair program)",NYC Water Board (DEP-affiliated),Water/Sewer,George Djurasevic,571000,restitution/forfeiture ordered ($500K bribes + fine),Bribery (Travel Act); tax evasion,Guilty plea,"Djurasevic ran a company contracted by the NYC Water Board to manage sewer/water lateral repairs for homeowners; over five years he took roughly $500,000 in bribes from a subcontractor in exchange for allowing overbilling and signing off on incomplete or unperformed repairs; sentenced to 18 months.","U.S. Attorney, Eastern District of NY",https://www.justice.gov/usao-edny/pr/defendant-pleads-guilty-accepting-more-500000-bribes-connection-multi-million-dollar,confirmed,NYC Department of Investigation independently posted its own press release on the same case.,False,,ny-dep-djurasevic,True
ny-nycdot-2008-01,NY,Two DOT Officials Plead Guilty to Bribery in Third Avenue Bridge Contract-Claim Settlement,2008-03-24,Bronx/Manhattan (Third Ave. Bridge at 129th St.),NYC Dept. of Transportation,Bridge,Balram Chandiramani (Director of Movable Bridges); Uday Shah (Assistant Civil Engineer); unnamed general contractor,400000,bribery scheme tied to a $16.5M contract-claim settlement,Bribery; conspiracy to rig a contract-claim settlement,Guilty pleas,"Two DOT officials pleaded guilty to taking bribes from a general contractor in exchange for leaking the City's confidential negotiating position and steering a favorable roughly $16.5M claim settlement on the Third Avenue Bridge reconstruction; Chandiramani received $60,000, Shah $5,000.",NYC Department of Investigation,https://www.nyc.gov/assets/doi/downloads/pdf/pr_dotbridgeplea_32408.pdf,uncorroborated,No independent second source found after searching; case predates most easily-searchable news archives.,False,,ny-nycdot-thirdave,True
panynj-2015-tishman-overbilling,NY/NJ,Tishman Construction Charged with Fraud; To Pay More than $20 Million in Restitution and Penalties for Defrauding Clients in a Ten-Year Overbilling Scheme,2015-12-10,"World Trade Center site (1, 3, 4 & 7 WTC) and WTC PATH Transportation Hub, Lower Manhattan, NY",Port Authority of NY & NJ,Commercial Tower,Tishman Construction Corporation,20230918,"Combined client restitution ($5.65M) + federal penalty ($14.58M) in a deferred-prosecution settlement covering all affected clients (WTC towers, PATH Hub, Javits Center, Aqueduct Casino, Plaza Hotel), not a Port-Authority-only figure","Fraudulent overbilling (padded/unworked overtime, absent-employee billing, above-contract rates)",Deferred Prosecution Agreement / Settlement,Tishman Construction Corp. admitted to a decade-long (1999-2009) scheme of padding client bills with unworked 'guaranteed' overtime and above-contract rates on projects including 1 World Trade Center and the WTC PATH Hub; the Port Authority Inspector General participated in the joint investigation with the US Attorney (EDNY) and NYC DOI. Tishman paid over $20.2 million combined in restitution and penalties and entered a deferred prosecution agreement.,"U.S. Attorney's Office, Eastern District of NY",https://www.justice.gov/usao-edny/pr/tishman-construction-charged-fraud-pay-more-20-million-restitution-and-penalties,confirmed,Independently confirmed by Engineering News-Record and NYC Department of Investigation's own press release on the same deferred-prosecution agreement.,False,,panynj-tishman-overbilling-2015,True
panynj-2016-padover-arbor-concrete,NY/NJ,A.G. Schneiderman and Port Authority Inspector General Announce Arrest of JFK Contractor Charged With Cheating Construction Workers Out of Benefit Payments,2016-04-04,"John F. Kennedy International Airport, Delta Air Lines Terminal, Queens, NY",Port Authority of NY & NJ,Airport,Kenneth Padover; Arbor Concrete Corp.,268056,Supplemental union benefit payments (health/pension/welfare) certified as paid to the Port Authority but never paid to workers,Certified payroll fraud; falsifying business records; prevailing-wage/benefits theft,Indicted,"Kenneth Padover, owner of Arbor Concrete Corp., was charged with 136 felony counts after submitting certified payroll records to the Port Authority for a security-bollard installation project at JFK's Delta terminal, falsely claiming $268,056 in union benefits had been paid to workers when they had not. Jointly investigated by the NY Attorney General and the Port Authority Inspector General.",New York State Office of the Attorney General,https://ag.ny.gov/press-release/2016/ag-schneiderman-and-port-authority-inspector-general-nestor-announce-arrest-jfk,confirmed,"Independently confirmed by Construction Dive, which also supplied the exact charge count and date.",False,,panynj-padover-arbor-jfk-2016,True
panynj-2016-dcm-erectors-mwbe,NY/NJ,CEO Of Steel Contractor On World Trade Center Site Convicted After Trial Of Fraud In Connection With Program Designed To Encourage Participation Of Minority And Women-Owned Businesses,2016-08-10,"One World Trade Center & WTC PATH Transportation Hub (Oculus), Lower Manhattan, NY",Port Authority of NY & NJ,Commercial Tower,"Larry Davis (CEO); DCM Erectors, Inc.; Solera/DCM Joint Venture LLC; Johnny Garcia; GLS Enterprises; Gale D'Aloia",2000000,"Approx. amount paid to a co-conspirator (Johnny Garcia) to falsely front as a minority-owned participant, out of $586M in Port Authority contracts tainted by the scheme -- the $586M contract value itself is not counted here, consistent with this dataset citing fraud-specific amounts rather than gross contract value",Contract fraud; circumvention of Port Authority M/WBE program; wire fraud,"Convicted at trial (conviction later VACATED on appeal, Aug. 3, 2017)","Larry Davis and DCM Erectors were convicted of wire fraud for falsely representing that certified minority/women-owned subcontractors performed steel-decking and surveying work on the One WTC and PATH Hub contracts, when DCM did the work itself and paid front-entity principals to look the other way. On August 3, 2017, the conviction was vacated on appeal; the court ruled the M/WBE participation goals were 'aspirational' and the misrepresentation wasn't shown to be material or to have caused the Port Authority economic harm.","U.S. Attorney's Office, Southern District of NY",https://justice.gov/usao-sdny/pr/ceo-steel-contractor-world-trade-center-site-convicted-trial-fraud-connection-program,confirmed,Independently confirmed by the US DOT Office of Inspector General's own release and Courthouse News Service's reporting on the 2017 vacatur.,False,,panynj-dcm-erectors-mwbe-2016,True
panynj-2017-crimson-vertuccio,NY/NJ,Secret Partner Of One World Trade Center Construction Firm Pleads Guilty To Obstruction,2017-04-12,"One World Trade Center, Lower Manhattan, NY",Port Authority of NY & NJ,Commercial Tower,Vincent Vertuccio; Crimson Construction Corporation,1089771,"Restitution ordered payable to the Port Authority (an additional $374,057 went to the IRS)",Fraud against the Port Authority; concealment of organized-crime control of a contractor; obstruction; false tax returns,Guilty plea,"Vincent Vertuccio secretly controlled Crimson Construction Corp. while concealing that control (and his ties to the Bonanno crime family) to win an $11.4 million Port Authority contract at One World Trade Center, then diverted over $1.5 million of contract proceeds for personal use, causing Crimson to fail its obligations and be terminated. He pleaded guilty April 12, 2017, and was ordered to pay $1,089,771 restitution to the Port Authority.","U.S. Attorney's Office, Eastern District of NY",https://www.justice.gov/usao-edny/pr/secret-partner-one-world-trade-center-construction-firm-pleads-guilty-obstruction,confirmed,Independently confirmed by the U.S. Dept. of Labor Office of Inspector General's own press release on the same plea and by The Real Deal.,False,,panynj-crimson-vertuccio-2017,True
panynj-2016-samson-chairmans-flight,NY/NJ,Former New Jersey Attorney General and Chairman of the Port Authority Board of Commissioners Pleads Guilty to Bribery,2016-07-14,"Newark Liberty International Airport (wide-body maintenance hangar project), Newark, NJ",Port Authority of NY & NJ,Airport,David Samson (former Port Authority Chairman); United Airlines,2250000,Penalty United Airlines paid to resolve the related federal non-prosecution agreement,Bribery of a public official (official act = manipulation of Port Authority board approval of a capital construction agreement),Guilty plea,"As Port Authority Board Chairman, David Samson had United's proposed wide-body maintenance-hangar construction agreement pulled from a November 2011 board agenda and restored only after United agreed to reinstate a money-losing nonstop route for his personal convenience. Samson pleaded guilty to bribery on July 14, 2016; United separately paid a $2.25 million penalty.","U.S. Department of Justice, Office of Public Affairs",https://justice.gov/opa/pr/former-new-jersey-attorney-general-and-chairman-port-authority-board-commissioners-pleads,confirmed,"Independently confirmed by CNN, NBC New York, and CBS New York coverage of the plea and sentencing.",False,,panynj-samson-chairmansflight-2016,True
panynj-2019-wtc-hatzel-buehler,NY/NJ,Attorney General Letitia James Charges 3 In Alleged World Trade Center 'Pay-To-Play' Bribery Scheme,2019-05-29,"World Trade Center site (electrical subcontract work), Lower Manhattan, NY",Port Authority of NY & NJ,Commercial Tower,"James Luckie (Cushman & Wakefield); Paul Angerame; Michael Garrison (Hatzel & Buehler, Inc.)",1260000,Compensation paid to seven unqualified electricians hired through personal connections as part of the scheme,Bribery; pay-to-play kickback scheme; misuse of Port Authority funds,Indicted,"Cushman & Wakefield electrical manager James Luckie accepted roughly $17,000 in tickets, golf trips, and car service from Hatzel & Buehler managers in exchange for confidential bid/budget information and preferential treatment on WTC electrical work; the scheme also involved hiring unqualified electricians through personal connections, paying them $1.26 million total and creating safety hazards, all charged to Port Authority funds.",New York State Office of the Attorney General,https://www.newyorkconstructionreport.com/world-trade-center-official-contractors-indicted-in-pay-to-play-bribery-scheme/,confirmed,Independently confirmed by Crain's New York Business and Construction Dive.,False,,panynj-wtc-hatzelbuehler-2019,True
panynj-2021-vja-overbilling,NY/NJ,Attorney General James Recovers More Than $1.6 Million From Government Contractor That Skimmed Funds From Public Works Projects,2021-03-19,"Multiple Port Authority, MTA, and NYC School Construction Authority capital projects, NY/NJ/MA",Port Authority of NY & NJ,Professional Services,"V.J. Associates, Inc.",1875000,"Total multistate False Claims Act settlement recovery (NY, MA, and NJ shares); underlying overbilling calculated at roughly $1.2M",Fraudulent invoicing / overbilling on time-and-expense contracts (qui tam False Claims Act),Settlement,"V.J. Associates, a construction-inspection subcontractor, systematically inflated invoices on time-and-expense contracts for the MTA, the Port Authority, and the NYC School Construction Authority from 2013-2018, billing more hours than employees worked. Following a whistleblower qui tam suit, VJA agreed to pay $1.875 million and accepted a five-year debarment from NY public contracts.",New York State Office of the Attorney General,https://ag.ny.gov/press-release/2021/attorney-general-james-recovers-more-16-million-government-contractor-skimmed,confirmed,Independently confirmed by Construction Dive.,False,,panynj-vja-overbilling-2021,True
panynj-2023-newark-restroom-committee,NY/NJ,Former Airline Representatives Admit Roles In Bribery Conspiracy,2023-11-30,"Newark Liberty International Airport (terminal restroom renovation), Newark, NJ",Port Authority of NY & NJ,Airport,Alok Saksena; Anthony Rosalli; Lovella Rogan,1224000,"Combined value of home renovations, electronics, and jewelry bribes received by the three defendants",Bribery; kickbacks influencing public-facility contractor selection; fraudulent change-order inflation,Guilty plea,"Three tenant-airline employees on the selection committee for a restroom-renovation contract at Newark Airport voted to award it to a contractor in exchange for free home renovations, electronics, and jewelry, and helped the contractor fraudulently inflate change orders to recoup the bribe cost. All three pleaded guilty November 30, 2023. The contract itself was awarded by a tenant airline within its leased terminal space, with the Port Authority Inspector General as investigating agency.","U.S. Attorney's Office, District of New Jersey",https://www.justice.gov/usao-nj/pr/former-airline-representatives-admit-roles-bribery-conspiracy,confirmed,Independently confirmed by NJBIZ and Insider NJ.,False,,panynj-newark-restroom-bribery,True
panynj-2025-newark-restroom-vendor,NY/NJ,Three Men Plead Guilty In Bribery And Fraud Investigation At Newark Airport,2025-02-25,"Newark Liberty International Airport (terminal renovation & service contracts), Newark, NJ",Port Authority of NY & NJ,Airport,Edward Dolphin; James Wajda; Ronald Delucia,1600000,Bribes and kickbacks received by Edward Dolphin from a services contractor over the life of the scheme,Bribery; kickbacks; fraudulent invoicing for non-existent services,Guilty plea,"In a continuation of the Newark Airport contractor-bribery investigation, airline employee Edward Dolphin (who influenced contract awards including a $19.7M restroom-renovation contract), James Wajda, and Ronald Delucia pleaded guilty February 25, 2025; Delucia's services company paid Dolphin over $1M for steering contracts, and Wajda's company paid/received kickbacks via fraudulent invoices for non-existent dispatcher services. A separate set of defendants from the 2023 pleas in the same overall scheme.","U.S. Attorney's Office, District of New Jersey",https://justice.gov/usao-nj/pr/three-men-plead-guilty-bribery-and-fraud-investigation-newark-airport,confirmed,"Independently confirmed by Simple Flying, Black Enterprise, and Insider NJ.",False,,panynj-newark-restroom-bribery,True
njdot-2015-eagle-rock-metellus,NJ,"Former Engineer for NJ Department of Transportation Sentenced to Prison for Conspiring to Steal $700,000 in Railway Project Grant Funds",2015-07-13,"Roseland, NJ (Eagle Rock Railroad Bridge, Essex County)",NJ Dept. of Transportation (NJDOT),Bridge,Gaudner B. Metellus (former NJDOT senior engineer); Ernest J. Dubose,700000,Amount by which Eagle Rock Railroad Bridge rehabilitation costs were fraudulently inflated under NJDOT's State Rail Freight Assistance Grant Program,Bribery; official misconduct; fraudulent invoicing,Sentenced,"Gaudner Metellus, a suspended NJDOT senior engineer, pleaded guilty to official misconduct for soliciting a railway company to submit false invoices inflating the Eagle Rock Railroad Bridge rehabilitation by roughly $700,000, then splitting $325,000 in resulting bribes with a middleman. Sentenced to three years in state prison, barred from public employment, and stripped of his state pension.",New Jersey Office of Attorney General,https://nj.gov/oag/newsreleases15/pr20150713a.html,confirmed,Independently confirmed by NBC10 Philadelphia and Law360.,False,,njdot-eagle-rock-bridge-2010,True
njdot-2015-eagle-rock-dubose,NJ,New York Attorney Sentenced to Six Years in Prison for Conspiring With State Engineer to Steal Railway Project Grant Funds and Take Bribes,2015-05-22,"Roseland, NJ (Eagle Rock Railroad Bridge, Essex County)",NJ Dept. of Transportation (NJDOT),Bridge,Ernest J. Dubose (attorney); Gaudner B. Metellus,325000,Bribe checks Dubose and Metellus solicited and split as their share of the inflated Eagle Rock Bridge grant funds,Bribery; conspiracy,Sentenced,"Ernest Dubose, an attorney who acted as middleman in the same Eagle Rock Railroad Bridge scheme as NJDOT engineer Gaudner Metellus, was convicted at trial of conspiracy, bribery, and fraud for helping solicit $325,000 in bribes tied to a $700,000 inflation of the bridge project's cost. Sentenced to six years in state prison.",NBC10 Philadelphia,https://www.nbcphiladelphia.com/news/local/railroad-conspiracy-fraud/64115/,confirmed,The NJ Attorney General issued its own press release on this sentencing with matching facts; also reported by Hudson County View.,False,,njdot-eagle-rock-bridge-2010,False
njdot-2012-tarheel-routes1-9,NJ,"Owner of Middlesex County Construction Company Indicted for Paying $350,000 in Cash Bribes and Kickbacks",2012-10-04,"Routes 1 & 9, Bergen and Hudson Counties, NJ",NJ Dept. of Transportation (NJDOT),Highway/Road,George Chrysanthopoulos (Tarheel Enterprises Inc.),48000,"Cash bribes paid to a NJDOT engineer to help secure a $44 million NJDOT road-construction contract on Routes 1 and 9 (part of a larger $350,000 scheme that also involved a private port-terminal operator)",Bribery; bid-rigging,Indicted,"George Chrysanthopoulos, owner of Tarheel Enterprises, was federally indicted for paying roughly $48,000 in cash bribes to a NJDOT engineer between 2006 and 2008 to help Tarheel win a $44 million NJDOT road-work contract on Routes 1 and 9. He pleaded guilty mid-trial in November 2013 to one count.","U.S. Attorney's Office, District of New Jersey","https://www.justice.gov/archive/usao/nj/Press/files/Chrysanthopoulos,%20George%20Indictment%20News%20Release.html",confirmed,Independently confirmed by Patch and the FBI Newark press release on the same indictment.,False,,njdot-tarheel-2012,True
njdot-2022-abbonizio-direct-connection,NJ,"New Jersey Company to Pay $400,000 to Settle False Claims Allegations",2022-10-25,"I-295/I-76/Route 42 interchange, Camden County, NJ",NJ Dept. of Transportation (NJDOT),Highway/Road,C. Abbonizio Contractors Inc.; Peter Abbonizio,400000,"False Claims Act civil settlement ($375,000 from the company, $25,000 from Peter Abbonizio individually)",Fraudulent DBE certification; overbilling,Settlement,"C. Abbonizio Contractors and its president settled federal False Claims Act allegations that the company used two shell entities as pass-through disadvantaged business enterprises -- including placing magnetic signs on fuel trucks -- to falsely claim DBE credit on a $39 million subcontract for NJDOT's I-295/I-76/Route 42 interchange project. Settled for $400,000 with no determination of liability.","U.S. Attorney's Office, District of New Jersey",https://www.justice.gov/usao-nj/pr/new-jersey-company-pay-400000-settle-false-claims-allegations,confirmed,Independently confirmed by Engineering News-Record and Oversight.gov's listing of the same DOJ release.,False,,njdot-abbonizio-directconnection,True
drpa-2012-osc-capital-funds,NJ,Delaware River Port Authority Investigative Report,2012-03-29,"Camden, NJ / Delaware River bridges",Delaware River Port Authority,Bridge,Delaware River Port Authority; The Graham Company; Willis of New Jersey; Conner Strong & Buckelew,1500000,"Non-transparent insurance-brokerage commission payments/redistributions identified by the NJ Comptroller (report separately found ~$440M in toll/capital revenue diverted to economic-development spending, not counted here)","Misuse of capital funds; non-transparent kickback-like broker commissions (civil oversight finding, not a criminal charge)",IG finding,"NJ State Comptroller Matthew Boxer's investigative report found DRPA insurance brokers funneled over $1.5 million in commissions among themselves -- including payments to a firm the report said 'did no work for the DRPA' -- without documentation of services performed, and that DRPA spent roughly $440 million on economic-development projects despite a charter requirement to prioritize bridge/capital maintenance. No criminal charges resulted; DRPA adopted competitive bidding and fixed-fee broker compensation afterward.",NJ Office of the State Comptroller,https://www.nj.gov/comptroller/news/docs/report_drpa_032912.pdf,confirmed,"Independently confirmed by CBS News Philadelphia and Bloomberg, both reporting the same findings.",False,,drpa-2012-osc-findings,True
nj-scc-2005-ig-report,NJ,New Jersey Schools Construction Corporation: Initial Report of Findings,2005-04-21,Statewide (NJ school construction),NJ Schools Construction Corporation (SCC),School Construction,NJ Schools Construction Corporation; Inspector General Mary Jane Cooper,67000000,"Payments an IG audit flagged as questionable/duplicative (out of $328.8M in land spending within an $8.6B bond program) -- an audit red flag, not a determined fraud loss; excluded from the aggregate exposure total for that reason (see Limitations)",Cost-overrun mismanagement / weak financial controls,Report released,"New Jersey's first Inspector General, Mary Jane Cooper, found lax financial oversight at the SCC, including no dedicated CFO, only one accountant reviewing nearly all operating expenses, and $67 million in questionable land payments to local governments out of $328.8 million spent on land acquisition. The report recommended an outside CFO and Sarbanes-Oxley-style controls. This is an administrative/oversight finding, not a criminal prosecution.",New Jersey Office of the Inspector General,https://dspace.njstatelib.org/items/6bc8674e-588b-44df-a8ee-b8821cee8bea,confirmed,Independently confirmed by The Bond Buyer's contemporaneous coverage of the same report.,False,,nj-scc-cost-overrun-mismanagement,False
nj-scc-2005-monahan-cm3-forgery,NJ,"Vice President of Building Solutions Company Charged with Forgery, Tampering with Public Records",2005-04-25,"Hamilton Township (Mercer County), NJ",NJ Schools Construction Corporation (SCC),School Construction,"Thomas Monahan; CM3 Building Solutions, Inc.",0,Not disclosed in the charging announcement; no plea/trial outcome located,Fraud / document forgery to obtain a public school construction contract,Charged,"The NJ Attorney General's Office of Government Integrity charged Thomas Monahan, vice president of CM3 Building Solutions, with forgery and tampering with public records for allegedly altering an SCC prequalification notice and a state Treasury classification form to obtain a Hamilton Township school construction contract. No subsequent plea, trial, or sentencing outcome could be located.",New Jersey Office of the Attorney General,https://www.nj.gov/oag/newsreleases05/pr20050425a.html,uncorroborated,No independent second source found after searching.,False,,nj-scc-hamilton-monahan-forgery,True
nj-scc-2006-bana-edison-embezzlement,NJ,School Construction Contractor Sentenced for Embezzling Public Funds,2006-01-06,"Edison Township (Middlesex County), NJ",NJ Schools Construction Corporation (SCC),School Construction,Manny Bana; Icon Construction Corp.,1000000,Approximate amount embezzled from subcontractor payments across nine SCC-funded Edison Township school projects,Embezzlement,Sentenced,"Manny Bana, hired as primary contractor on nine SCC-funded Edison Township school projects, collected payments meant for six subcontractors, withheld nearly $1 million while falsely certifying they'd been paid, and was sentenced to five years in state prison, $106,000 restitution, and debarment from NJ public works contracts.",New Jersey Division of Criminal Justice,https://www.nj.gov/lps/newsreleases06/pr20060106b.html,uncorroborated,No independent second source found after searching local and national news archives.,False,,nj-scc-edison-bana-embezzlement,True
nj-scc-2006-rullo-megan-group,NJ,Contractor and Company Indicted for Fraud on School Construction Projects,2006-06-19,"Montville, Demarest & Watchung, NJ",NJ Schools Construction Corporation (SCC),School Construction,George Rullo; The Megan Group Inc.,1486325,Contract payments allegedly received but not disbursed to subcontractors on SCC-funded projects in three districts,Fraud; money laundering; misapplication of entrusted property,Indicted,"George Rullo and The Megan Group were indicted on money-laundering and fraud counts after allegedly receiving $1,486,325 in payments on SCC-funded school construction projects in three NJ districts without paying subcontractors. No later disposition could be located.",New Jersey Office of the Attorney General,https://www.nj.gov/oag/newsreleases06/pr20060619c.html,uncorroborated,No independent second source found after searching.,False,,nj-scc-megangroup-rullo-fraud,True
nj-sda-2020-sci-part1-patronage,NJ,"Mismanagement, Questionable Hiring Practices and Weak Oversight of New Jersey's School Construction Program",2020-09-30,"Trenton / Statewide, NJ",NJ Schools Development Authority (SDA),School Construction,Lizette Delgado-Polanco (former SDA CEO),2700000,"New employee salaries authorized during a ~9-month tenure, many for patronage hires -- a scale-of-problem proxy, not a stolen-funds figure; excluded from the aggregate exposure total for that reason (see Limitations)",Patronage hiring / mismanagement,Report released,"The NJ State Commission of Investigation found that former SDA CEO Lizette Delgado-Polanco fired 15 long-tenured employees and, in nine months in office, hired friends and relatives into high-paying roles, some lacking basic qualifications, costing over $2.7 million in new salaries within a $12+ billion construction program. This is an investigative/oversight finding, not a criminal prosecution.",New Jersey State Commission of Investigation (SCI),https://www.nj.gov/sci/documents/SCISDAReport.pdf,confirmed,Independently confirmed by NJ Spotlight News' contemporaneous coverage of the same report.,False,,nj-sda-sci-mismanagement-2020-21,False
nj-sda-2021-sci-part2-oversight,NJ,"State Commission of Investigation Report: Schools Development Authority, Part II",2021-06-02,"Statewide, NJ (Egg Harbor City, Phillipsburg, Newark referenced)",NJ Schools Development Authority (SDA),School Construction,NJ Schools Development Authority,27500000,Combined realized losses on 49 SDA-owned properties sold 2017-2019 below value,Cost-overrun mismanagement / construction oversight failure,Report released,"A follow-up SCI report found the SDA had nine different CEOs in two decades, unreliable contractor performance reviews despite documented safety issues, and SDA-built schools costing 16-24% more than comparable district-run projects, citing specific defects including a 7-years-unresolved HVAC failure at Egg Harbor City Middle School and a 15-years-nonfunctional fire suppression system at Newark Science Park High School. SCI recommended an outside monitor. An investigative/oversight finding, not a criminal case.",New Jersey State Commission of Investigation (SCI),https://www.nj.gov/sci/documents/SCI-SDA2.pdf,confirmed,"Independently confirmed and read via NJ Spotlight News, which corroborates the report's release and its call for an outside monitor.",False,,nj-sda-sci-mismanagement-2020-21,True
nj-egg-harbor-2023-charter-bidrig,NJ,Egg Harbor Charter School Leaders Indicted After Allegedly Steering $115K Contract to School Founder's Side Business,2023-03-02,"Egg Harbor Township (Atlantic County), NJ",Principle Academy Charter School,School Construction,Peter Caporilli; Michael Falkowski; Modern Boat Works,115000,"Total value of the outdoor learning center contract, split into two phases to evade competitive-bidding thresholds",Bid-rigging; official misconduct; conflict of interest,Indicted,"Principle Academy's founder and school-board president Peter Caporilli, and business administrator Michael Falkowski, were indicted for splitting a $115,000 outdoor learning center contract into two pieces to avoid public-bidding requirements and steering it to Caporilli's own company, Modern Boat Works, which left the project unfinished.",New Jersey Office of the Attorney General,https://www.njoag.gov/egg-harbor-charter-school-leaders-indicted-by-grand-jury-after-allegedly-steering-115k-contract-to-school-founders-side-business/,confirmed,"Independently confirmed by NJ Patch, which corroborates names, charges, and the contract-splitting scheme.",False,,nj-eggharbor-charter-bidrig,True
nj-hillsborough-2026-kickback,NJ,Former Hillsborough Township School District Business Administrator and Co-Worker Indicted in Kickback Scheme,2026-06-03,"Hillsborough Township (Somerset County), NJ",Hillsborough Township School District,School Construction,Aiman Mahmoud; Kenneth Gratto,70000,Approximate cash kickbacks received by the former business administrator,Kickbacks; embezzlement; extortion under color of official right,Indicted,"A federal grand jury indicted former Hillsborough Township School District Business Administrator Aiman Mahmoud and site supervisor Kenneth Gratto for a scheme on a multimillion-dollar 2019-referendum facilities-upgrade project, in which Gratto submitted inflated overtime timesheets that Mahmoud approved in exchange for roughly $70,000 in cash kickbacks.","U.S. Attorney's Office, District of New Jersey",https://www.justice.gov/usao-nj/pr/former-hillsborough-township-school-district-business-administrator-and-co-worker,confirmed,Independently confirmed by NJ Patch and TAPinto Hillsborough coverage of the same indictment.,False,,nj-hillsborough-mahmoud-kickback,True
nj-camden-2024-norcross-dismissed,NJ,Attorney General Platkin Announces Racketeering Charges Against Six Defendants in Criminal Enterprise Led by George Norcross,2024-06-17,"Camden, NJ",NJ Economic Development Authority (NJEDA),Economic Development,George E. Norcross III; Philip A. Norcross; William M. Tambussi; Dana L. Redd; Sidney R. Brown; John J. O'Donnell,0,Not applicable -- no dollar figure was ever adjudicated; charges dismissed,"(Original charges: racketeering, theft by extortion, criminal coercion, official misconduct)",Charges dismissed / dropped,"NJ Attorney General Matthew Platkin indicted six defendants, including power broker George Norcross, alleging they used threats and political pressure to seize control of NJEDA-tax-credit-incentivized Camden waterfront redevelopment properties. A Superior Court judge dismissed the entire indictment on February 26, 2025, ruling the conduct did not constitute extortion or coercion as a matter of law; the state's appeal was rejected and the AG's office dropped the case in February 2026 -- a significant negative outcome for the prosecution, illustrating that not all these cases end in conviction.",New Jersey Office of the Attorney General,https://www.njoag.gov/attorney-general-platkin-announces-racketeering-charges-against-six-defendants-in-criminal-enterprise-led-by-george-norcross/,confirmed,"Independently confirmed by WHYY, the Philadelphia Inquirer, and New Jersey Monitor, including on the dismissal and case closure.",False,,nj-camden-norcross-waterfront,False
nj-camden-2024-holtec-taxcredit,NJ,Holtec International Agrees to Pay $5 Million Penalty Following Criminal Investigation Over Tax Credit Applications,2024-01-30,"Camden, NJ",NJ Economic Development Authority (NJEDA),Economic Development,Holtec International; Singh Real Estate Enterprises,5000000,Penalty payment under a deferred prosecution agreement with the NJ Attorney General (companies also forfeited $1M in Angel Investor Tax Credits obtained),Tax-incentive fraud (NJ Angel Investor Tax Credit Program),Settlement,"Camden-based Holtec International, a major recipient of NJEDA Grow NJ incentives for its Camden campus, and partner Singh Real Estate Enterprises agreed to pay a $5 million penalty and forfeit $1 million in tax credits after the NJ AG found they backdated documents to falsely claim a required joint investment in a third company, exceeding the program's per-investor cap. Entered a three-year deferred prosecution agreement requiring independent review of future NJ benefit applications.",New Jersey Office of the Attorney General,https://www.njoag.gov/following-lengthy-criminal-investigation-over-applications-for-tax-credits-holtec-international-agrees-to-pay-5-million-penalty-and-use-outside-independent-reviewer-in-future-dealings-with-the-state/,confirmed,"Independently confirmed by the Philadelphia Inquirer, WHYY, and ROI-NJ, all reporting the same $5 million figure and backdating scheme.",False,,nj-camden-holtec-taxcredit,True
nj-hoboken-2010-cammarano,NJ,"Former Hoboken Mayor Sentenced to 24 Months in Prison for Taking $25,000 in Bribes",2010-08-05,"Hoboken, NJ",NJ Municipal Redevelopment (City of Hoboken),Redevelopment,Peter J. Cammarano III (former Hoboken Mayor),25000,Cash bribes accepted from an FBI cooperating witness posing as a developer seeking city approvals,Bribery; conspiracy to commit extortion under color of official right,Sentenced,"Weeks after taking office in 2009, Hoboken Mayor Peter Cammarano pleaded guilty to accepting $25,000 in bribes from a cooperating witness posing as a developer in exchange for promised assistance on the developer's future Hoboken redevelopment projects, part of the 2009 federal 'Operation Bid Rig III' sting. Sentenced to 24 months in federal prison.",FBI Newark Field Office,https://archives.fbi.gov/archives/newark/press-releases/2010/nk080510.htm,confirmed,"Corroborated by the underlying DOJ USAO-NJ plea press release and independent news coverage (NBC News, Courthouse News Service).",False,,nj-operation-bidrig-iii,True
nj-jerseycity-2010-vega,NJ,Former City Council President for Jersey City Pleads Guilty to Corrupt Payments Conspiracy,2010-09-14,"Jersey City, NJ",NJ Municipal Redevelopment (City of Jersey City),Redevelopment,Mariano Vega Jr. (former Jersey City Council President),30000,Illicit campaign contribution plus a further payment accepted in exchange for promised official influence over anticipated Jersey City development projects,Bribery; conspiracy to commit extortion under color of official right,Guilty plea,"Mariano Vega Jr., then Jersey City Council President, pleaded guilty to conspiracy to commit extortion for accepting $30,000 from an FBI cooperating witness posing as a developer, in exchange for future assistance on the 'developer's' Jersey City projects -- another Operation Bid Rig III conviction from the July 2009 sting.",FBI Newark Field Office,https://www.fbi.gov/newark/press-releases/2010/nk091410.htm,confirmed,Corroborated by the DOJ USAO-NJ plea press release and CBS New York's report on the same plea.,False,,nj-operation-bidrig-iii,True
nj-jerseycity-2010-beldini,NJ,Jersey City Deputy Mayor Guilty of Bribery Charges,2010-02-11,"Jersey City, NJ",NJ Municipal Redevelopment (City of Jersey City),Redevelopment,Leona Beldini (suspended Jersey City Deputy Mayor),20000,Illicit campaign contributions accepted in exchange for promised official influence over a real estate development project on Garfield Avenue,Bribery,Convicted,"Leona Beldini, suspended Jersey City Deputy Mayor, was convicted by a federal jury of bribery for accepting $20,000 in illicit campaign contributions from a cooperating witness in exchange for agreeing to use her official position to help his Garfield Avenue redevelopment project -- the only Operation Bid Rig III defendant to go to trial rather than plead guilty.",FBI Newark Field Office,https://archives.fbi.gov/archives/newark/press-releases/2010/nk021110.htm,confirmed,Corroborated by the DOJ USAO-NJ sentencing press release and Fox News coverage of the sentencing.,False,,nj-operation-bidrig-iii,True
nj-passaic-2016-blanco,NJ,"City Of Passaic Mayor Admits Taking $110,000 In Corrupt Payments From Developers",2016-11-17,"Passaic, NJ",NJ Municipal Redevelopment (City of Passaic),Redevelopment,Alex D. Blanco (Mayor of Passaic),110000,Total corrupt payments extorted from two developers of an eight-unit HUD-funded affordable housing project,Bribery; extortion,Guilty plea,"Passaic Mayor Alex Blanco pleaded guilty to extorting $110,000 from two developers of an eight-unit, HUD-funded affordable housing project in Passaic, telling them payments were needed 'to ensure the project would proceed' even after city approvals were already granted. Later sentenced to 27 months in prison and ordered to pay $110,000 restitution; resigned as mayor.","US Attorney's Office, District of New Jersey",https://www.justice.gov/usao-nj/pr/city-passaic-mayor-admits-taking-110000-corrupt-payments-developers,confirmed,Corroborated by a separate ICE/HSI sentencing release and independent reporting from NBC New York and HousingWire.,False,,nj-passaic-housing-bribery,True
nj-trenton-2014-mack,NJ,"Trenton, N.J., Mayor Convicted on Federal Extortion, Bribery, and Mail and Wire Fraud Charges",2014-02-07,"Trenton, NJ",NJ Municipal Redevelopment (City of Trenton),Redevelopment,Tony F. Mack (Mayor of Trenton); Ralphiel Mack,119000,Total value of the bribery/extortion scheme tied to a plan to help a cooperating witness acquire a city-owned lot for an automated parking garage redevelopment,Extortion; bribery; mail and wire fraud,Convicted,"Trenton Mayor Tony Mack and his brother Ralphiel were convicted of extortion, bribery, and mail/wire fraud for a scheme to help a cooperating witness acquire a city-owned lot -- at a price Mack had officials cut well below its proposed value -- for a planned parking garage development, in exchange for cash bribes. Mack was sentenced to 58 months in prison.","US Attorney's Office, District of New Jersey",https://www.justice.gov/usao-nj/pr/trenton-nj-mayor-convicted-federal-extortion-bribery-and-mail-and-wire-fraud-charges,confirmed,Corroborated by FBI Newark Field Office press releases and independent reporting from NBC News and NPR.,False,,nj-trenton-parkinggarage-bribery,True
nj-westfield-2011-disko,NJ,Engineer Pleads Guilty in Schools' Contract Scandal,2011-10-12,"Westfield / Scotch Plains-Fanwood / Tinton Falls, NJ",NJ Local School Districts,School Construction,Kenneth T. Disko (Disko Associates); John Sangiuliano; Martin W. Starr; Stephen M. Gallagher,80000,Kickbacks paid to engineer Kenneth Disko by contractors between 2001 and 2010,Bid-rigging; kickbacks,Guilty plea,"Engineer Kenneth Disko pleaded guilty to orchestrating a nine-year bid-rigging and kickback scheme in which he directed contractors to submit fraudulently inflated and rigged quotes for school construction and repair projects across three NJ districts, in exchange for over $80,000 in kickbacks. Co-defendant contractors and a school business administrator who received home-improvement bribes were separately charged.",New Jersey Division of Criminal Justice (as reported),https://patch.com/new-jersey/scotchplains/engineer-pleads-guilty-in-schools-contract-scandal,probable,Patch's report directly quotes named AG officials verbatim; independently corroborated by a separate local news account citing NorthJersey.com reporting on the same defendants.,False,,nj-westfield-schools-bidrigging,True
nj-newark-2026-garcia,NJ,Former Newark Deputy Mayor and Director of Economic and Housing Development Sentenced to Prison for Scheming to Obtain Bribes,2026-06-03,"Newark, NJ",NJ Municipal Redevelopment (City of Newark),Redevelopment,Carmelo G. Garcia (former Newark Deputy Mayor); Frank Valvano Jr.; Irwin Sablosky,53835,Sum of quantified bribes detailed in the indictment (cash plus itemized jewelry),Bribery; honest services wire fraud; Travel Act violations,Sentenced,"Carmelo Garcia, former Newark Deputy Mayor and Director of the city's Department of Economic and Housing Development, was sentenced to 12 months and one day in prison for scheming with two businessmen to accept cash and luxury jewelry bribes in exchange for helping them obtain city-approved redevelopment agreements to acquire Newark-owned properties.","US Attorney's Office, District of New Jersey",https://www.justice.gov/usao-nj/pr/former-newark-deputy-mayor-and-director-newark-department-economic-and-housing,confirmed,Corroborated by a companion HUD Office of Inspector General release and independent local reporting from Hudson County View and Hudson Reporter.,False,,nj-newark-redevelopment-bribery,True
nj-unioncity-2012-venegas,NJ,Contractor Charged with Agreeing to Bribe Union City Official for Construction Approvals,2012-03-15,"Union City, NJ",NJ Municipal Redevelopment (City of Union City),Redevelopment,Bryant Venegas,14000,"Cash bribes actually paid per the guilty plea (an additional $15,000-$20,000 in further bribes was agreed but not necessarily delivered)",Bribery (construction/zoning approvals),Guilty plea,"Contractor Bryant Venegas was charged with agreeing to bribe a Union City government employee to obtain zoning approval for a real estate construction project. He pleaded guilty, admitting he paid roughly $14,000 in cash and agreed to arrange a further $15,000-$20,000 in bribes.","FBI Newark Field Office / US Attorney's Office, District of New Jersey",https://archives.fbi.gov/archives/newark/press-releases/2012/contractor-charged-with-agreeing-to-bribe-union-city-official-for-constuction-approvals,uncorroborated,No independent second source found after searching; only the FBI charging release and the related DOJ USAO-NJ plea release could be located.,False,,nj-unioncity-zoning-bribery,True
ny-osc-monroecounty-bidrigging-2016,NY,Monroe County Officials and Contractors Convicted in Bid-Rigging Scheme on $311 Million in County Infrastructure Contracts,2016-05-06,Western NY (Rochester / Monroe County),Monroe County Water Authority; Monroe Security and Safety Systems LDC (Monroe County Local Development Corporation); Monroe County Department of Information Services,Professional Services,Daniel Lynch (Rochester-area businessman); Nelson Rivera (former Monroe County Chief Information Officer); John Maggio (Rochester-area businessman); Robert Wiesner (former Monroe County Water Authority Security Director),950083,"Combined court-ordered restitution against the two lead defendants (Daniel Lynch: $600,083.70; John Maggio: $350,000). The underlying public contracts steered through the bid-rigging scheme were valued at a combined $311 million ($99 million IT infrastructure upgrade/maintenance contract and $212 million public safety and security systems upgrade contract for Monroe County) — that $311M figure is contract value at stake, not a proven loss amount, so it is not used as dollar_amount.",Bid-rigging / combination in restraint of trade and grand larceny to illegally steer multi-million-dollar county public works/infrastructure contracts to favored companies,Sentenced (all four defendants convicted via guilty plea; final sentencing May 2016),"New York State Comptroller Thomas DiNapoli and then-Attorney General Eric Schneiderman announced that a Rochester businessman, a former Monroe County Chief Information Officer, a second businessman, and a former Monroe County Water Authority Security Director were convicted for an elaborate bid-rigging conspiracy that illegally steered a $99 million IT infrastructure contract and a $212 million public safety/security systems upgrade contract for Monroe County to favored companies. Lynch was sentenced to 2⅓–7 years in state prison and ordered to pay $600,083.70 in restitution; Rivera received 5 years probation, forfeited his public pension, and paid a $25,000 fine; Maggio received a conditional discharge and paid $350,000 restitution; Wiesner received a conditional discharge, a $5,000 fine, and forfeited $3,000.",NYS Office of the State Comptroller,https://www.osc.ny.gov/press/releases/2016/05/comptroller-dinapoli-ag-schneiderman-announce-sentencing-defendants-elaborate-multi-million-dollar,confirmed,"Independently corroborated by the NY Attorney General's own parallel press releases on the arrests (ag.ny.gov, 2013) and on Wiesner's guilty plea/sentencing (ag.ny.gov, 2016), and by local news coverage of the sentencings (13WHAM-TV 'Three LDC defendants sentenced'; Rochester Business Journal, May 6, 2016).",False,,ny-monroe-itsecurity-bidrigging,True
ny-osc-orangecounty-ida-corruption-2021,NY,"Three Former Orange County IDA Officials Plead Guilty to Corruption in Business Accelerator Program, Ordered to Repay Over $1.26 Million",2021-09-10,Hudson Valley,Orange County Industrial Development Agency (IDA) / Accelerator Program,Economic Development,"Vincent Cozzolino (former OCIDA Managing Director; owner of Galileo Technology Group/GTG); Laurie Villasuso (former OCIDA CEO); Edward A. Diana (former OCIDA board member and Accelerator Committee Chair, former Orange County Executive)",1265000,"Combined restitution ordered against the three defendants (Cozzolino: $1,000,000; Villasuso: $175,000; Diana: $90,000)","Conflicts of interest, false statements, and self-dealing in administration of a publicly funded economic-development facility/incubator program",Sentenced (guilty pleas June 2021; restitution/sentencing September 2021),"A joint investigation by the NYS Comptroller's Office, the Orange County District Attorney, and New Windsor Police found that Orange County IDA Managing Director Vincent Cozzolino used his company, Galileo Technology Group, to control the IDA's 'Accelerator' business-incubator program (including a rented Highland Falls facility) while undisclosed conflicts of interest let CEO Laurie Villasuso and board member Edward Diana receive payments from Cozzolino's firm despite their oversight duties; the scheme also involved fraudulent double-billing through an affiliated 'Accelerator Without Walls' program. All three pleaded guilty to corruption-related felony/misdemeanor charges and were ordered to pay restitution totaling $1,265,000.",NYS Office of the State Comptroller,https://www.osc.ny.gov/press/releases/2021/09/corrupt-orange-county-ida-officials-ordered-repay-over-1-million,confirmed,"Corroborated by independent local news coverage of the guilty pleas (Real Estate In-Depth, June 2021; Mid Hudson News, June 2021, 'Investigation of Orange County IDA stopped the bleeding of its Accelerator program'), and the OSC/DA/police joint investigative report (osc.ny.gov/files/reports/pdf/joint-investigation-orange-co-ida.pdf).",False,,ny-orangeida-accelerator-selfdealing,True
ny-osc-ogs-construction-mgmt-mwbe-2021,NY,OSC Audit Finds MWBE Pass-Through Scheme on OGS Construction Management Contracts,2021-12-30,Statewide / Multi-Region,NYS Office of General Services (OGS),Public Building,"Three (of five audited) construction management consulting firms and a State-certified women-owned business enterprise (WBE) subcontractor — names withheld/not disclosed in the published OSC audit report; the actual work was performed by the WBE principal's spouse, a non-MWBE individual who in one instance had previously been a vice president of the winning construction management firm",207316,"Audit-identified improper MWBE participation credit claimed on OGS construction management contracts (combined project value $63.8 million) for work that was actually performed by a non-MWBE subcontractor rather than the certified WBE itself; this is an audit finding of misstated MWBE credit, not an adjudicated criminal loss or court-ordered restitution, so it is not counted as a confirmed fraud total.",MWBE certification/commercially-useful-function fraud (pass-through subcontracting on state capital construction management contracts),Report released; no referral to law enforcement or the Division of Minority and Women's Business Development mentioned in the report,"A State Comptroller audit of OGS's monitoring of construction management contracts (report 2020-S-42, covering five judgmentally selected capital projects worth $63.8 million from April 2015-July 2020) found that three of the five construction management consultants used a State-certified WBE subcontractor to claim MWBE participation credit, but the WBE subcontracted out all of its approved services to a non-MWBE contractor — in each case the spouse of the WBE's principal, and in one case someone who had previously been a vice president of the same bid-winning construction management firm — so the WBE did not perform a 'commercially useful function.' The audit quantified $207,316 in improperly claimed MWBE credit and separately found $50,539 in unsupported MWBE credits on two other contracts and a $1.8 million contract awarded to a bidder whose proposal did not meet the RFP's stated experience requirements.",NYS Office of the State Comptroller,https://www.osc.ny.gov/state-agencies/audits/2021/12/30/monitoring-construction-management,uncorroborated,"Searched for independent news coverage or a second source; none found. The published OSC audit report itself does not name the specific contractors, WBE, or projects involved (redacted/withheld), which limits independent verification beyond the primary OSC source (report 2020-S-42, PDF at osc.ny.gov/files/state-agencies/audits/pdf/sga-2022-20s42.pdf, and its September 2024 follow-up).",False,,ny-ogs-cm-mwbe-passthrough,False
ny-brooklynda-2016-dayan-eec-nycha,NY,"Contractor Who Admitted Shortchanging Workers on New York City Housing Authority Construction Project Pays $650,000 Restitution",2018-02-05,"Brooklyn (Brown Houses, Crown Heights; Glenmore Plaza, Brownsville)",NYC Housing Authority (NYCHA),Public Housing,"Mehdi ""Morris"" Dayan; EEC Group Tech Inc.; Mohammed ""Taju"" Miah; T&J Contracting Inc.; Sharifullah Sowpon",1050000,"prevailing-wage (Davis-Bacon) theft/grand larceny alleged at 2016 indictment on an $8M NYCHA capital rehabilitation bid (EEC/Dayan >$1M; T&J/Miah >$50,000); Dayan and EEC separately paid $650,000 in restitution to 27 workers at the 2017-2018 plea/sentencing","Grand larceny, scheme to defraud, prevailing-wage (Davis-Bacon) theft, wage kickbacks, false certified payroll filings",Sentenced (guilty plea + restitution paid; probation/conditional discharge),"Dayan/EEC Group Tech Inc. and Miah/T&J Contracting Inc. won an $8 million Davis-Bacon-covered NYCHA capital construction bid at the Brown Houses and Glenmore Plaza developments, then paid 27 workers $15-$25/hour instead of the required $61.50-$82.31 prevailing-wage rate, filed false certified payroll reports claiming full payment, instructed workers to lie to integrity monitors, and extracted up to $2,000 in kickbacks from workers who complained. Dayan pleaded guilty to first-degree scheme to defraud and second-degree grand larceny (Sept. 2017) and, with EEC, paid $650,000 restitution to the 27 workers (announced Feb. 2018); Dayan received three years' probation and EEC a conditional discharge.",Brooklyn District Attorney's Office / NYC Department of Investigation,https://www.brooklynda.org/2018/02/05/contractor-who-admitted-shortchanging-workers-on-new-york-city-housing-authority-construction-project-pays-650000-restitution/,confirmed,Original 2016 indictment corroborated independently by HUD Office of Inspector General press release (hudoig.gov) and by contemporaneous TheRealDeal.com trade-press coverage; 2018 restitution/sentencing outcome confirmed via the DOI-hosted mirror of the Brooklyn DA release.,False,,ny-nycha-eec-dayan-wagetheft,True
ny-brooklynda-2015-elchoum-ama-ps138k,NY,Staten Island Contractor Indicted For Bribery,2015-10-26,"Brooklyn (P.S. 138K, Crown Heights)",NYC School Construction Authority (SCA),School Construction,"Abdulkader Kassem Elchoum; AMA Construction/NY, Inc.",3500,"cash bribes offered/paid to an SCA project officer to expedite payments and limit SCA scrutiny on a $2.478 million SCA renovation contract (corridor construction, fire-alarm upgrade, HVAC work) at P.S. 138K; underlying contract value not counted here",Bribery (third-degree) of a public project officer; criminal solicitation,Indicted (six counts of third-degree bribery; no subsequent plea/sentencing/dismissal record found),"Elchoum, owner of AMA Construction/NY, Inc., which was awarded a $2.478 million SCA renovation contract at P.S. 138K in Crown Heights (corridor work, fire-alarm upgrade, HVAC), allegedly paid an SCA project officer roughly $3,500 in cash across five occasions in mid-2015 to expedite contract payments and limit SCA scrutiny of the project. The officer reported the first offer and cooperated with the SCA Inspector General and NYC DOI in an undercover operation; Elchoum was indicted on six counts of third-degree bribery.",Brooklyn District Attorney's Office / NYC Department of Investigation / SCA Office of Inspector General,https://www.brooklynda.org/2015/10/26/staten-island-contractor-indicted-for-bribery/,confirmed,"Corroborated by independent Construction Dive trade-press coverage of the same indictment (Oct. 28, 2015).",False,,ny-sca-elchoum-bribery,True
ny-queensda-2022-singh-ps71,NY,Long Island Man Indicted for Stealing Thousands of Dollars from Employees in Kickback Scheme,2022-05-12,"Queens (P.S. 71, Ridgewood)",NYC School Construction Authority (SCA),School Construction,Komal Singh (construction foreman),0,"no aggregate dollar total was disclosed in the DA release or independent press coverage; the only figure specified is a $50-per-day-worked kickback demanded from each of several workers over an ~11-month period (March 2019-Feb. 2020), which was not totaled in any source found",Grand larceny / wage kickback scheme (NY Labor Law §198-b),Indicted (no subsequent plea/sentencing record found),"Singh, a foreman on an SCA construction project at P.S. 71 in Ridgewood, Queens, allegedly required workers under his supervision to pay him $50 for each day worked as a condition of continued employment between March 2019 and February 2020, firing workers who refused or complained. He was indicted on three counts of third-degree grand larceny, three counts of fourth-degree grand larceny, and a Labor Law §198-b violation.",Queens County District Attorney's Office / NYC Department of Investigation,https://www.nyc.gov/assets/doi/press-releases/2022/May/QDA.Singh.05.12.2022.pdf,confirmed,Corroborated by independent QNS.com and Audacy/1010 WINS news coverage of the same indictment.,False,,ny-sca-singh-wagekickback,False
ny-queensda-2020-deol-laser-electrical,NY,Queens Contractor and His Business Plead Guilty to Violating Prevailing Wage Labor Laws and Stealing More Than $1.5 Million From Workers,2020-09-22,New York City (SCA and DOE public-works project sites),NYC School Construction Authority (SCA) / NYC Dept. of Education (DOE),School Construction,Jagdeep Deol; Laser Electrical Contracting Inc.,1500000,"prevailing-wage theft from 11 workers on SCA/DOE public-works contracts (2014-2018), per Queens DA indictment and guilty plea","Prevailing-wage fraud, grand larceny, false certified payroll filings, falsifying business records",Sentenced (guilty plea; conditional discharge with restitution ordered),"Deol and his company Laser Electrical Contracting Inc. underpaid 11 employees on NYC School Construction Authority and Department of Education public-works contracts between 2014 and 2018 by inflating reported hourly rates, withholding required benefits, and submitting hundreds of materially false certified payroll reports, stealing over $1.5 million from the workers. Deol pleaded guilty to a misdemeanor prevailing-wage violation and Laser Electrical pleaded guilty to felony failure to pay prevailing wage; both were ordered to pay full restitution to the 11 workers plus $160,000 to the City for investigative costs.",Queens County District Attorney's Office / NYC Department of Investigation,https://queensda.org/queens-contractor-and-his-business-plead-guilty-to-violating-prevailing-wage-labor-laws-and-stealing-more-than-1-5-million-from-workers/,confirmed,"Corroborated by independent Press Trust of India wire coverage of the original 2020 indictment, republished by The Tribune (India) and Business Standard.",False,,ny-sca-deol-wagetheft,True
ny-nassauda-2025-unger-lawrence-ufsd-hvac,NY,Former Lawrence School District Facilities Director & Co-Conspirator Indicted for $2 Million Scheme,2025-06-04,"Nassau County (Lawrence Union Free School District, Five Towns)",Lawrence Union Free School District (Nassau County),School Construction,Scott Unger (former Lawrence UFSD Facilities Director); Joseph Greenblatt; SDF Service Plus; Scott Mitchell Management,2000000,"value of no-bid HVAC capital contract work steered by the district's facilities director to a shell company he controlled (SDF Service Plus), per Nassau County DA indictment; approximately $185,000 of this is alleged to have flowed to Unger personally through a second shell entity (Scott Mitchell Management)","Corrupting the government, conspiracy, contract-steering/shell-company fraud","Indicted (arraigned June 4, 2025; awaiting further proceedings as of source date)","Unger, the Lawrence UFSD's former facilities director, allegedly stopped paying the district's incumbent HVAC vendor in February 2023 to manufacture a maintenance emergency, then invoked no-bid emergency-contracting rules to steer roughly $2 million in HVAC capital work to SDF Service Plus, a shell company he and Greenblatt created one month before the contract award. Payments were laundered back to Unger (about $185,000) through a second entity, Scott Mitchell Management; Unger used part of the proceeds to buy a 2024 Kia Telluride. Both defendants were indicted on felony corrupting-the-government and conspiracy counts plus misdemeanors.",Nassau County District Attorney's Office,https://nassauda.org/CivicAlerts.aspx?AID=1774,confirmed,Corroborated by independent K-12 Dive/Facilities Dive trade-press coverage and by Patch and LongIsland.com news coverage of the same indictment.,False,,ny-lawrenceufsd-unger-shellco,True
ny-suffolkda-2025-dealmeida-rl-concrete-longwood,NY,New Jersey Contractor Pleads Guilty to Failure to Pay Employees' Wages,2025-08-25,"Suffolk County (Longwood Central School District, Middle Island)",Longwood Central School District (Suffolk County),School Construction,"Geraldo DeAlmeida; R&L Concrete, Inc.",99671,"prevailing-wage underpayment to five employees, ordered as restitution at guilty plea",Willful failure to pay prevailing wage and supplements; false certified payroll (employee misclassification),"Pled guilty (Aug. 25, 2025)","DeAlmeida and his company R&L Concrete, Inc., a subcontractor on the administrative-building construction project at Suffolk County's Longwood Central School District, willfully misclassified five employees on certified payrolls into lower-paying job categories (paying $22-$25/hour to workers entitled to $68-$198/hour) and omitted one employee from payroll records entirely, underpaying them by approximately $99,671. R&L Concrete pleaded guilty to a felony willful failure to pay prevailing wage charge and DeAlmeida to a misdemeanor count; both were ordered to pay the full $99,671 in restitution, and R&L Concrete was barred from NY public works for five years.",Suffolk County District Attorney's Office,https://www.suffolkcountyda.org/new-jersey-contractor-pleads-guilty-to-failure-to-pay-employees-wages/,confirmed,"Corroborated by independent Patch, LongIsland.com and ShoreNewsNetwork coverage of the same guilty plea.",False,,ny-longwoodcsd-dealmeida-wagetheft,True
ny-hempstead-2024-bozier-vhha-bidrigging,NY,Former Chairman of the Village of Hempstead Housing Authority Sentenced to 10 Years in Prison for Fraud and Corruption,2024-03-11,Nassau County (Village of Hempstead),Village of Hempstead Housing Authority (HUD-funded),Public Housing,Cornell Bozier (former VHHA Board Chairman),800000,"VHHA capital construction/repair funds fraudulently steered to co-conspirator-controlled companies via rigged bids, per DOJ EDNY sentencing release (e.g., a roof-replacement contract billed at $273,900 for work that actually cost $23,000)","Bid-rigging, kickback conspiracy, honest-services wire fraud, federal program bribery","Sentenced (10 years in prison, March 11, 2024)","As Board Chairman of the Village of Hempstead Housing Authority (2011-2013), Bozier recruited and directed co-conspirators to submit fraudulently inflated bids on VHHA capital construction and repair contracts and steered the resulting awards to companies controlled by his associates, receiving roughly $100,000 in kickbacks himself; over $800,000 in VHHA funds were fraudulently diverted this way, including a roof-replacement contract billed at $273,900 for work that cost only $23,000. Indicted in 2016, Bozier was convicted at trial and sentenced in March 2024 to 10 years in prison.","U.S. Attorney's Office, Eastern District of New York",https://www.justice.gov/usao-edny/pr/former-chairman-village-hempstead-housing-authority-sentenced-10-years-prison-fraud,confirmed,"Corroborated by independent HUD Office of Inspector General press releases covering the indictment, conviction, and sentencing stages of the same case.",False,,ny-vhha-bozier-bidrigging,True
ny-sdny-2025-joseph-bwk-uniondale,NY,Construction Company President Charged With $5 Million Payroll Tax And Wire Fraud Schemes,2025-07-23,"Nassau County (Uniondale Union Free School District, and other Long Island elementary schools)",Uniondale Union Free School District (Nassau County) / NYS prevailing-wage program,School Construction,Nigel Kenneth Joseph; BWK (masonry subcontractor),1960000,"payments obtained through wire fraud via falsified certified payroll documents on Long Island public elementary-school construction contracts, per DOJ SDNY complaint (Joseph is separately charged with failing to pay ~$2.9 million in employee payroll taxes and ~$750,000 in employer payroll taxes, 2019-2021, not counted here)","Wire fraud via falsified certified payroll, payroll-tax evasion, aggravated identity theft","Charged (federal complaint, July 23, 2025)","Joseph, president of Bronx-registered masonry subcontractor BWK, allegedly falsified certified payroll documents on public elementary-school construction contracts for the Uniondale Union Free School District and other Long Island districts to obtain roughly $1.96 million in contract payments he was not entitled to, while separately failing to pay approximately $2.9 million in employee payroll taxes and $750,000 in employer payroll taxes on roughly $10 million in BWK earnings (2019-2021). He was charged by the U.S. Attorney for SDNY with payroll-tax offenses, wire-fraud conspiracy, wire fraud, and aggravated identity theft.","U.S. Attorney's Office, Southern District of New York",https://www.justice.gov/usao-sdny/pr/construction-company-president-charged-5-million-payroll-tax-and-wire-fraud-schemes,confirmed,Corroborated by independent Long Island Press news coverage identifying Joseph's Uniondale-area school-construction conduct and referencing a related NY State Assembly press conference condemning the alleged worker exploitation.,False,,ny-uniondale-joseph-bwk-payrollfraud,True
ny-sca-2005-sixofficers-bribery,NY,Six Project Officers With The NYC School Construction Authority Are Arrested and Accused of Bribery,2005-11-16,"New York City (SCA public-school construction projects, incl. P.S. 152X, Bronx)",NYC School Construction Authority (SCA),School Construction,Paul Nair; Neron Holder; Winston Davis; Melvin Porterfield; Tosif Siddiqi; James Keller (current/former SCA Project Officers),40000,"documented cash bribes to two of the six SCA project officers charged in this sweep (Holder and Nair, for approving contractor payments and personal-residence work); the sweep's other four defendants have separately documented but not-comparably-quantified bribe/benefit amounts (e.g., Davis pleaded guilty to accepting over $11,500 in cash bribes tied to a contract at P.S. 152X in the Bronx; Siddiqi allegedly demanded ~$10,000 in computer equipment; Porterfield allegedly received ~$1,000 per confidential bid estimate) -- no reliable scheme-wide aggregate was found, so this figure is not scheme-complete",Bribery of public officials; sale of confidential bid information,"Indicted; at least two of six defendants (Davis, Porterfield) later pleaded guilty (Feb./Mar. 2006)","Six current and former SCA Project Officers -- Nair, Holder, Davis, Porterfield, Siddiqi, and Keller -- were arrested in a coordinated SDNY/FBI/DOI/NYS AG sweep and accused of separate bribery schemes tied to approving contractor payment requests and selling confidential SCA bid information on public-school construction projects. Holder and Nair allegedly accepted about $40,000 combined for approving payments and arranging personal-residence work by contractors; Davis solicited cash for approving fraudulent payment requests on a contract at P.S. 152X in the Bronx (pleading guilty in Feb. 2006 to taking over $11,500 in bribes); Porterfield pleaded guilty in March 2006 to selling confidential SCA bid estimates for cash; Siddiqi allegedly demanded computer equipment worth about $10,000 for payment approvals; Keller allegedly accepted cash for approvals.","U.S. Attorney's Office, Southern District of New York (hosted via NYC Dept. of Investigation press-release archive)",https://www.nyc.gov/assets/doi/downloads/pdf/pr_scaarrests_sdny111605.pdf,probable,"Corroborated only by the same office's own later-stage releases (DOJ SDNY archived guilty-plea press releases for Davis and Porterfield, Feb./Mar. 2006); no independent (non-DOJ/DOI) news source was found after a documented search, so this is classified 'probable' rather than 'confirmed'.",False,,ny-sca-2005-sixofficers-bribery,False
ny-doe-2019-mangru,NY,"Attorney General James and NYC Comptroller Stringer Announce Sentencing of Construction Contractors for Failing to Pay More Than $280,000 in Wages to Workers in Public Work Projects",2019-06-10,"Bronx, NYC (NYC Dept. of Education public schools)",NYC Department of Education (DOE),School Construction/Renovation,Vickram Mangru; Gayatri Mangru; AVM Construction Corp. (d/b/a Vick Construction),201630,"court-ordered restitution for prevailing-wage underpayment on NYCDOE Bronx school jobs, 2012-2015",Prevailing-wage theft; falsification of certified payroll records submitted to NYCDOE,Sentenced,"Mangru and his wife operated AVM Construction/Vick Construction on multiple NYCDOE public-school renovation jobs in the Bronx from Dec. 2012-Feb. 2015, paying workers $120-$160/day for 40-50 hour weeks while submitting certified payrolls falsely claiming prevailing-wage compliance. Mangru had already been debarred in a prior 2013 settlement for a smaller underpayment and continued the scheme under a new corporate name. A 2017 arrest alleged roughly $691,040 in total wage theft; at the June 2019 sentencing the court ordered $201,630.09 in restitution (on top of $80,000 already paid to three workers). Mangru received 30 days' jail plus 3 years' probation; his wife received a conditional discharge; both were banned from NY public-works contracts for 5 years.",NY Attorney General / NYC Comptroller,https://ag.ny.gov/press-release/2019/attorney-general-james-and-nyc-comptroller-stringer-announce-sentencing,confirmed,"Independently corroborated by contemporaneous trade press (Real Estate Weekly, ""School contractor jailed for prevailing wage scam""); the underlying scheme's 2017 arrest was independently confirmed by directly reading the AG's own 2017 press release (ag.ny.gov/press-release/2017/ag-schneiderman-and-nyc-comptroller-stringer-announce-arrest-public-works), which is the same conduct at an earlier procedural stage and is not counted separately here.",False,,ny-doe-mangru-wagetheft,True
ny-multi-2017-msr-riglietti,NY,"Brooklyn Construction Company, Long Beach Owner with Public Contracts To Forfeit $2.5 Million After Pleading Guilty to Underpaying Workers",2017-11-15,"New York City (13 SCA schools, 4 in Brooklyn), Queens (Creedmoor Psychiatric Center), Manhattan/Queens (5 MTA sites)",NYC School Construction Authority (SCA) + NYS Office of General Services (OGS) + MTA,Multi-Agency Public Works (School Construction/State Psychiatric Facility/Transit),Michael Riglietti; MSR Electrical Construction Company,2500000,"total forfeiture ordered (incl. $700K+ restitution to 5 workers, $500K to state agencies, $73,739 investigation-cost reimbursement)",Grand larceny (2nd degree); prevailing-wage theft; falsified certified payroll reports,Guilty plea / sentenced,"Between Dec. 2012 and Dec. 2015, MSR Electrical held public-works electrical contracts spanning 13 NYC School Construction Authority schools (4 in Brooklyn), the NYS Office of General Services' Creedmoor Psychiatric Center, and 5 MTA locations. Certified payroll reports claimed workers were paid $54/hour plus $40.16-$51.86 in benefits, while workers were actually paid $13.50-$25/hour with no overtime or benefits -- stealing over $700,000. Riglietti and the company pleaded guilty to grand larceny and prevailing-wage violations, agreeing to a $2.5 million total forfeiture, five years' probation for Riglietti, and a five-year debarment from NY public-works contracts for both.",Brooklyn District Attorney / NYC Department of Investigation,http://www.brooklynda.org/2017/11/15/brooklyn-construction-company-long-beach-owner-with-public-contracts-to-forfeit-2-5-million-after-pleading-guilty-to-underpaying-workers/,confirmed,"Jointly announced/independently mirrored by NYC Department of Investigation (nyc.gov/assets/doi/press-releases/2017/nov/pr_msr_plea_11_15_2017.pdf), a co-investigating agency separate from the Brooklyn DA; both were directly read and their facts (defendant, dollar figures, three-agency project list) match exactly.",False,,ny-multi-msr-riglietti-wagetheft,True
ny-nycha-2022-lintech,NY,"Attorney General James and DOI Commissioner Strauber Deliver $900,000 to 200 NYCHA Construction Workers Denied Fair Pay",2022-04-04,"New York City (NYCHA developments citywide, all five boroughs)",NYC Housing Authority (NYCHA),Public Housing (scaffolding lighting/electrical installation and maintenance),"Lintech Electric (subcontractor); financial guarantors Neelam Construction Corporation, Pro-Metal Construction, and Zoria Housing",900000,"restitution (unpaid wages, supplemental benefits, interest, and penalties) distributed to over 200 workers",Prevailing-wage theft (NY Labor Law Article 8),Settlement / restitution distributed,"From 2015-2018, Lintech Electric held NYCHA public-works subcontracts for lighting and electrical-outlet installation/maintenance on scaffolding surrounding NYCHA apartment buildings across all five boroughs, and failed to pay the required prevailing wage and supplemental-benefit rates. Following a joint investigation opened in September 2019 by the NY Attorney General and NYC DOI, Lintech was required to repay nearly $900,000 in back wages, benefits, interest, and penalties to over 200 workers, pay a $30,000 investigation-cost penalty, and was banned from NY public-works projects for five years.",NY Attorney General / NYC Department of Investigation,https://ag.ny.gov/press-release/2022/attorney-general-james-and-doi-commissioner-strauber-deliver-900000-200-nycha,confirmed,"Independently corroborated by Crain's New York Business (""NYCHA construction workers underpaid almost $900K by Lintech Electric"").",False,,ny-nycha-lintech-wagetheft,True
ny-cuny-2014-r3electrical,NY,Electrical Company Owners Convicted of Stiffing Workers Out of $273K,2014-09-05,"New York City (CUNY college campuses); Rutger Houses, Lower East Side, Manhattan",City University of New York (CUNY) + New York Power Authority (NYPA),Higher Education/Public Housing (multi-agency),Ronald Bartiromo; Raymond D'Auria; R3 Electrical Inc.,273944,restitution ordered at sentencing for prevailing-wage underpayment,Prevailing-wage theft; filing false certified payroll reports,Guilty plea / sentenced,"R3 Electrical, a Staten Island (Port Richmond) contractor owned by Bartiromo and D'Auria, held public-works electrical contracts on five CUNY college science-lab renovations and a New York Power Authority-funded project at NYCHA's Rutger Houses on the Lower East Side, underpaying workers below the legally required prevailing wage while filing false certified payroll reports. Following a 2013 felony arrest by the NY Attorney General, both owners pleaded guilty in September 2014; Bartiromo received 5 years' probation, the company was ordered to pay $273,943.66 in restitution, and both were barred from public projects for five years.",DNAinfo New York,https://www.dnainfo.com/new-york/20140905/port-richmond/electrical-company-owners-convicted-of-stiffing-workers-out-of-273k/,confirmed,"Independently corroborated by a second contemporaneous trade-press source, EC&M magazine (""Electrical Contractors Stiffed Workers Out of $273,000""), reporting identical defendant names, dollar figures, and project list. Both the DNAinfo and EC&M articles state this resolves a 2013 felony arrest by then-NY AG Schneiderman (search-indexed at ag.ny.gov/press-release/2013/ag-schneiderman-announces-felony-arrests-electrical-contractors-who-stole-more, matching title/facts), but that ag.ny.gov page itself could not be directly fetched during this review -- it returned a robots.txt access block -- so it is cited here as context only, not as the source_url.",False,,ny-cuny-r3electrical-wagetheft,True
ny-amsterdam-2016-squires-ida,NY,Husband and Wife Construction Company Owners Indicted on Fraud Charges in City of Amsterdam IDA Rehab Project,2016-11-30,"City of Amsterdam, NY (Montgomery County)",City of Amsterdam Industrial Development Agency (AIDA),Commercial/Residential Rehabilitation (IDA-sponsored capital project),"Alan Jon Squires; Bonnie Jean Squires; AB Construction and Environmental, LLC",341400,value of the winning bid obtained via a fraudulent workers'-compensation exemption filing,Criminal possession of a forged instrument (2nd degree); offering a false instrument for filing (1st degree); forgery (2nd degree),Indicted,"AB Construction and Environmental, owned by the Squireses, won a $341,400 bid (about one-third of the next-highest bid) to rehabilitate mixed-use commercial/residential buildings at 44 and 46 East Main Street in the City of Amsterdam, a project sponsored by the Amsterdam Industrial Development Agency (AIDA). The NYS Inspector General's Workers' Compensation Fraud unit alleged the couple altered workers'-compensation exemption forms to falsely claim the company had no employees requiring coverage, giving them an unfair competitive advantage on the publicly sponsored bid. Following a June 2016 arrest, a Montgomery County grand jury indicted Alan Squires on three counts of criminal possession of a forged instrument and three counts of offering a false instrument for filing, and Bonnie Squires on one count of forgery, on November 30, 2016.",New York State Office of the Inspector General (Workers' Compensation Fraud),https://ig.ny.gov/news/husband-and-wife-construction-company-owners-indicted-fraud-charges-city-amsterdam-ida-rehab,uncorroborated,"A June 2016 ig.ny.gov release on the initial arrest for the same conduct was directly read and matches on all facts, but it is the same primary agency, not an independent source. A documented search for independent corroboration (Amsterdam Recorder/Daily Gazette, Times Union, and general web search for the defendants' names and case) did not surface any independent news coverage or a final-disposition (plea/sentencing) record.",False,,ny-amsterdam-squires-idaforgery,True
nj-meadowlands-2008-encap-gauger,NJ,Meadowlands Remediation and Redevelopment Project (EnCap Golf Holdings) -- OIG Investigative Report and Related Federal Fraud/Extortion Prosecution,2008-02-28,"Lyndhurst, NJ (Meadowlands, Bergen/Hudson Counties)",New Jersey Meadowlands Commission (NJMC),"Landfill Closure & Mixed-Use Redevelopment (four Meadowlands landfills; golf courses, housing, commercial)","EnCap Golf Holdings, LLC; William H. Gauger III (former EnCap President); Craig Groce; New Jersey Meadowlands Commission (NJMC); Cherokee Investment Partners II",100000,"Federally proven extortion payment Gauger obtained (via Groce) from a financial consultant who had arranged $69.4M/$26.3M in loans for a related Asbury Park redevelopment deal tied to the same EnCap-managed financing structure; charged 2012, convicted on one wire-fraud count and sentenced (probation) April 2014. This is distinct from -- and far smaller than -- the ~$464-467M in EDA/EIT-DEP/BCIA public bonds and loans the NJ OIG's 2008 report found NJMC committed to the overall landfill-closure/redevelopment project, which is not itself an adjudicated fraud-loss figure and is not counted here.","Federal wire fraud, mail fraud, conspiracy to commit mail/wire fraud, and Hobbs Act extortion (2012 indictment; 2014 conviction on wire fraud); separately, NJ OIG's investigative report found EnCap misrepresented its landfill-closure qualifications when selected in 2000, failed to disclose that its founder's ownership stake had been substantially bought out (~$6.1M) shortly before the NJMC contract was signed, and withheld from lenders on a $212M state loan that it was simultaneously negotiating municipal PILOT agreements offering up to $450M in additional collateral","NJ OIG investigative finding (2008), referred to the NJ Division of Criminal Justice; separately, EnCap's former president William Gauger was federally indicted (Jan. 2012) and convicted/sentenced (April 2014) on wire fraud and extortion charges arising from the same EnCap financing structure","The NJ Office of the Inspector General (OIG, the agency later consolidated into the NJ Office of the State Comptroller) found that EnCap Golf Holdings misrepresented its qualifications to win a 2000 no-bid-style contract with the NJ Meadowlands Commission to cap and redevelop four Meadowlands landfills, concealed a major ownership change from NJMC, and withheld material financing information from public lenders on a $212 million state loan -- all while the project drew on roughly $460-467 million in EDA bonds, EIT/DEP loans, and BCIA bonds. OIG referred the matter to the Division of Criminal Justice. Separately, federal prosecutors later charged EnCap's president, William Gauger, with mail fraud, wire fraud, conspiracy, and Hobbs Act extortion for a scheme in which he extorted $100,000 from a financial consultant who had arranged financing tied to an EnCap-linked redevelopment deal; Gauger was convicted on one wire-fraud count and sentenced to probation in April 2014, closing out what press coverage called ""the last of the federal corruption investigations"" tied to the project. EnCap filed for bankruptcy in 2008 without completing the redevelopment.",NJ Office of the Inspector General (consolidated into the NJ Office of the State Comptroller in 2010),https://nj.gov/comptroller/news/docs/oig/Meadowlands%20Remediation%20and%20Redevelopment%20Project.pdf,confirmed,"Independently corroborated by the FBI Newark Field Office's July 2011 press release and the U.S. Attorney's January 2012 indictment announcement on Gauger's extortion/fraud charges, and by NJBIZ's April 2014 report of his conviction and sentencing -- all independent of, and years after, the NJ OIG report.",False,,nj-meadowlands-encap-qualmisrep,True
nj-sda-2010-murphy-hillinternational,NJ,Report of Investigation into Allegation of False Swearing by a New Jersey Schools Development Authority Vice President/Chief Operating Officer (Gerald Murphy / Hill International),2010-06-01,"Trenton, NJ (SDA headquarters); statewide NJ public school construction program",NJ Schools Development Authority (SDA),School Construction -- Construction Management Consulting Services Contract,"Gerald Murphy (former SDA Vice President/Chief Operating Officer; former Philadelphia Deputy Mayor); Thomas P. Foy (Hill International Vice President; former NJ Assemblyman); Hill International, Inc.",233000,"Premium the NJ IG/OSC found SDA paid for the $396,810 Hill International consulting contract versus the next-highest-rated competing proposal, in a selection process Murphy chaired while concealing a longstanding personal friendship with Hill's VP; Murphy separately personally approved invoices under the resulting contract that the report put at approximately $519,560 before renegotiation.",Undisclosed conflict of interest in a public-contract selection process (procurement steering); false swearing/contradictory sworn statements to state ethics investigators; failure to recuse from approving invoices to a firm tied to an undisclosed friend,"NJ Inspector General/OSC investigative finding (June 2010); Murphy separately entered a March 2009 consent order with the NJ State Ethics Commission and paid a $3,000 civil penalty; the IG referred the false-swearing conduct to the NJ Attorney General's office for evaluation of possible perjury/false-swearing charges -- no public record of resulting criminal charges was found","The NJ Inspector General (predecessor to NJ OSC) found that Gerald Murphy, then SDA's Vice President and Chief Operating Officer, chaired the committee that selected Hill International for a school-construction-management consulting contract without disclosing that he had a longstanding close personal friendship with Hill VP Thomas Foy -- and that the winning Hill proposal was $233,000 more than the next-highest-rated bid. Murphy went on to personally approve roughly $519,560 in invoices under that contract (later renegotiated to $396,810) and attended business meals paid for by Foy, some billed to SDA. When state ethics investigators questioned him, Murphy gave sworn statements about when he first knew Foy that directly contradicted earlier sworn statements, ultimately invoking his Fifth Amendment right rather than explain the discrepancy; he resigned from SDA in February 2009 and entered a State Ethics Commission consent order paying a $3,000 penalty. The IG referred the false-swearing conduct to the Attorney General's Division of Criminal Justice for evaluation.",NJ Office of the Inspector General (consolidated into the NJ Office of the State Comptroller in 2010),https://nj.gov/comptroller/news/docs/oig/report-6-1-2010.pdf,confirmed,"Independently corroborated by The Philadelphia Inquirer's June 2, 2010 report (""Former N.J. official acknowledges ethics violations""), which reports the same consent order, penalty, and underlying conflict from a source independent of the IG report itself.",False,,nj-sda-murphy-hillinternational-coi,True
nj-chesterfield-2013-durr-tdr,NJ,State Comptroller Investigation Finds Local Official Exploited Government Position to Turn Profit on Land Deal (Chesterfield Township / Lawrence Durr),2013-01-29,"Chesterfield Township, NJ (Burlington County)",Chesterfield Township Committee / Planning Board (municipal Transfer of Development Rights program),Land Development / Transfer of Development Rights (TDR) Program -- Municipal Redevelopment,"Lawrence C. Durr (Chesterfield Township Mayor, Committeeman, and Planning Board member)",666250,"Value OSC calculated for the additional 10.25 TDR development credits the Planning Board awarded to Durr -- while he sat on that board and had an undisclosed pending contract with the developer -- which he then sold to the developer along with his other credits for total proceeds of $2.37 million (OSC calculated his net profit at roughly $200,000 over 15 months); OSC separately found the developer saved more than $1 million because of a related credit-reduction amendment Durr voted to approve three months before closing on the credit sale.",Self-dealing / conflict of interest by a municipal official using dual Township Committee and Planning Board positions for personal financial gain in a land-development transaction; failure to disclose a financial stake and recuse from related votes,OSC investigative finding; referred to the NJ Local Finance Board (for Local Government Ethics Law penalties) and the NJ Division of Criminal Justice (for possible criminal prosecution) -- no public record of a resulting Local Finance Board decision or criminal charge was found,"The NJ Office of the State Comptroller found that Lawrence Durr, Chesterfield Township's longtime mayor/committeeman and a sitting Planning Board member, used his dual position to advance a complex Transfer of Development Rights (TDR) deal that steered farmland-preservation development credits toward a developer with whom he had an undisclosed pending contract to sell his own credits. In April 2007, Durr voted to approve a credit-reduction amendment that OSC found saved the developer more than $1 million; three months later he closed on a $2.37 million sale of his TDR credits to that same developer, including 10.25 additional credits the Planning Board had awarded him -- worth roughly $666,250 -- while he sat on that board without disclosing his personal financial stake. OSC calculated Durr's net profit at approximately $200,000 over 15 months and referred the matter to both the Local Finance Board for ethics penalties and the Division of Criminal Justice for possible criminal prosecution.",NJ Office of the State Comptroller,https://nj.gov/comptroller/news/docs/investigative_press_release_chesterfield_01_29_13.pdf,uncorroborated,"No independent second source was found after searching the NJ Comptroller's own later press archive, the Chesterfield Township Wikipedia page, and general web/news searches (including Bing) for Lawrence Durr, Chesterfield, and this land deal; the OSC investigative report/press release is the only source located as of this review. Flagged for a future pass to check Burlington County Times/local press archives and any NJ Local Finance Board decision docket not indexed by general search.",False,,nj-chesterfield-durr-tdr-selfdealing,True
nj-doc-2010-kennedy-stermer-capitalprojects,NJ,Former NJ Department of Corrections Official and Three Contractors Plead Guilty in Small Capital Projects Bid-Rigging and Kickback Scheme,2010-02-16,"NJ Dept. of Corrections facilities statewide (defendants based in Red Bank, Monmouth County, NJ)","NJ Dept. of Corrections (DOC), Division of Property Management & Construction -- prosecuted by NJ Attorney General's Office, Division of Criminal Justice",State Office/Correctional,"Gerald T. Kennedy (former DOC Assistant Director of Operations); Mark Stermer (SteelGrey LLC); Pro General Contracting Inc. (aka Pro Painting & General Contracting Inc.); SBC Construction; Jasher Guerrero Ramos; Ronald Hayes; Alfred ""Buddy"" Canale; Delfim Rodrigues",630000,"Total value of DOC 'small capital projects' (masonry, painting, roofing repairs, and trailer skirting, each individually kept under the $41,100 public-bidding threshold) steered by Kennedy to three favored contractors between December 2002 and March 2006 -- Pro General Contracting (~$348,000, 18 contracts), SBC Construction (~$128,850-$170,000, 8 contracts), and SteelGrey (~$153,000-$160,000, 7 contracts) -- in exchange for an estimated $75,000-$80,000 in kickbacks to Kennedy",Bribery; official misconduct; bid-rigging; theft by deception; money laundering; contract fraud,Guilty plea,"Gerald Kennedy, then DOC Assistant Director of the Division of Operations, was indicted in April 2008 for steering more than $630,000 in small, sub-threshold DOC capital-repair contracts (masonry, painting, roofing, trailer work) to three contractor-friends' companies in exchange for kickbacks. Kennedy, contractor Mark Stermer (SteelGrey LLC), and several co-conspirators pleaded guilty in February 2010; the state recommended seven years in prison for Kennedy and three years for Stermer, with Kennedy also required to disgorge roughly $80,000 in kickbacks.","New Jersey Office of Attorney General, Division of Criminal Justice",https://www.nj.gov/oag/newsreleases10/pr20100216a.html,confirmed,"Independently reported by Red Bank Green (Feb. 2010), which confirmed the same defendants, contract totals, and state-recommended sentences (Kennedy 7 years, Stermer 3 years). The underlying April 2008 indictment (naming Kennedy, Stermer, Pro General Contracting, and SteelGrey, with total contracts of ~$678,000-$630,000 depending on stage) is separately documented at nj.gov/oag/newsreleases08/pr20080403a.html.",False,,nj-doc-kennedy-stermer-kickback,True
nj-doc-2010-armstrong-kerth-alarmbidrig,NJ,Suspended DOC Construction Management Specialist and South Jersey Alarm Contractor Convicted in Bid-Rigging Scheme Covering State Prison and Haddon Township School Contracts,2010-06-18,"NJ Dept. of Corrections facilities statewide (incl. Mid-State Correctional Facility); Haddon Township, Camden County, NJ (2 public schools)","NJ Dept. of Corrections (DOC) -- prosecuted by NJ Attorney General's Office, Division of Criminal Justice",State Office/Correctional,"Frederick J. Armstrong (former DOC construction management specialist); Paul Kerth; Independent Alarm Distributors, Inc.; Adirondack Alarm; Automatic Alarm Associates",230000,"Aggregate contract price of at least nine DOC alarm/security-system contracts (April 1999-December 2004) rigged via inflated 'cover bids' solicited by Kerth and steered by Armstrong; separately documented within the same scheme were a ~$39,600 CCTV installation contract at Mid-State Correctional Facility (2003) and ~$5,030 in alarm-system upgrade contracts at two Haddon Township public schools (2002)",Bid-rigging; official misconduct; theft by deception; conspiracy; restraint of trade,Convicted / Sentenced,"Frederick Armstrong, a DOC construction management specialist, conspired with Collingswood, NJ alarm contractor Paul Kerth to rig bids on at least nine DOC security/alarm contracts and on alarm-system work at two Haddon Township public schools by having Kerth solicit inflated cover bids from other companies. Kerth pleaded guilty in September 2009 and Armstrong in March 2010; Armstrong was sentenced in June 2010 to three years in state prison plus forfeiture of his DOC position and a lifetime bar from New Jersey public employment.","New Jersey Office of Attorney General, Division of Criminal Justice",https://www.nj.gov/oag/newsreleases10/pr20100618a.html,confirmed,"Independently corroborated by the National Association of Attorneys General (NAAG) multistate case database entry for State v. Armstrong (N.J. Super. Ct., Grand Jury No. 563-09-26-S, Jan. 14, 2009), which documents the same defendants, charges, and $230,000+ contract total. Earlier stages are separately documented at nj.gov/oag/newsreleases09/pr20090930b.html (Kerth plea, naming the Haddon Township school contracts) and nj.gov/oag/newsreleases10/pr20100329a.html (Armstrong plea). A later NJ AG release, titled 'South Jersey Contractor Sentenced to Jail for Rigging Bids on Contracts with Department of Corrections and Haddon Township' (njoag.gov), appears to cover this same scheme's final disposition but returned a 403 error on fetch attempts and its full text could not be independently read; it was not relied on for any fact in this record.",False,,nj-doc-armstrong-kerth-bidrigging,True
nj-pvsc-2021-clark-roofing,NJ,Wall Township Contractor Sentenced for Fraudulently Billing Passaic Valley Sewerage Commission for Fictitious Expenses Under Roofing Contract,2021-05-27,"Passaic Valley Sewerage Commission treatment plant, Newark, NJ (Essex County)","Passaic Valley Sewerage Commission (PVSC) -- prosecuted by NJ Attorney General's Office, Division of Criminal Justice",Water/Sewer,"Andrew J. Clark (Wall Township); Roof Management, Inc.; A&S Enterprises, Inc.",10210,"Amount fraudulently billed to PVSC for fictitious equipment-rental expenses (invoiced through Clark's shell company A&S Enterprises, which had no assets or equipment) under a two-year roof repair/improvement contract at PVSC's Newark plant that began September 2017; the court separately imposed a $75,000 anti-corruption profiteering penalty and ordered restitution",False contract payment claims; fraud,Sentenced,"Andrew Clark and his companies, Roof Management, Inc. and A&S Enterprises, Inc., were contracted by the Passaic Valley Sewerage Commission to perform roof repairs and improvements at PVSC's Newark treatment plant, then submitted false claims for equipment-rental expenses through the shell company A&S Enterprises. Clark pleaded guilty to false contract payment claims in September 2020 and was sentenced in May 2021 to five years' probation, 120 hours of community service, a $75,000 profiteering penalty, and a five-year (ten-year for the companies) debarment from New Jersey public contracts.","New Jersey Office of Attorney General, Division of Criminal Justice",https://www.njoag.gov/contractor-sentenced-for-fraudulently-billing-state-agency-for-fictitious-expenses-under-roofing-contract/,confirmed,"Independently reported by RLS Media ('Wall Township Contractor Sentenced for Fraudulently Billing State Agency for Fictitious Expenses Under Roofing Contract'), MidJersey.News, and a Patch (Wall, NJ) article, all describing the same defendant, PVSC roofing contract, and penalty figures.",False,,nj-pvsc-clark-roofing-falsebilling,True
nj-scc-2009-parikh-clarktownship-doors,NJ,"Warren, NJ Contractor Sentenced for False Contract Payment Claims on NJ Schools Construction Corporation Door-Replacement Project in Clark Township",2009-12-18,"Clark Township school district, Union County, NJ (Johnson, Kumpf, Valley Road, and Hehnly Schools)","NJ Schools Construction Corporation (SCC), now the NJ Schools Development Authority -- prosecuted by NJ Attorney General's Office, Division of Criminal Justice",School Construction,"Rantik Parikh; Parikh Inc. (also doing business as Arkay Construction, Inc.)",57000,"False contract payment claim authorized in May 2005 on a $295,500 SCC contract to replace doors in four Clark Township schools, based on a January 2005 false certification that subcontractors had been paid in full",False contract payment claims; false certification; fraud,Sentenced,"Rantik Parikh and his family company, Parikh Inc., held a $295,500 NJ Schools Construction Corporation contract to replace doors in four Clark Township schools. Parikh submitted a false certification that subcontractors had been paid, authorizing a $57,000 payment claim to which the company was not entitled. Parikh pleaded guilty in September 2009 to submitting false contract payment claims and was sentenced in December 2009 to probation and a five-year debarment from New Jersey public contracts.","New Jersey Office of Attorney General, Division of Criminal Justice",https://www.nj.gov/oag/newsreleases09/pr20091218a.html,probable,"Parikh's company (identified in outside records as Arkay Construction, Inc.) is independently documented in a published 2008 NJ Superior Court, Appellate Division opinion, New Jersey Schools Construction Corp. v. Arkay Construction, Inc., which upheld a separate three-year SCC debarment of Parikh and his company for false certifications made during SCC's contractor prequalification process. That opinion corroborates the existence of the defendant/company and its pattern of false statements to SCC, but concerns a distinct administrative proceeding rather than this specific criminal case, so this record is classified as probable rather than confirmed pending a same-case independent source.",False,,nj-scc-parikh-clarktownship-falseclaim,True
nj-blairstown-2008-davis-municipalcomplex,NJ,Former Blairstown Township Municipal Complex Building Committee Chairman Sentenced for Diverting Public Construction Funds Through Dummy Corporation,2008-11-21,"Blairstown Township, Warren County, NJ","Blairstown Township (municipal complex construction project) -- prosecuted by NJ Attorney General's Office, Division of Criminal Justice",Municipal Building,"Raymond Davis (chairman, Blairstown Township municipal complex building committee); Municipal Service Group Inc. (shell company)",46000,"Public construction funds diverted from a roughly $2.6 million Blairstown Township municipal complex construction contract (plus a related $92,000 construction-management contract) through a shell company, Municipal Service Group Inc., that Davis created and used to bill for non-existent services (including a $25,000 charge for work never performed) and to mark up a security-system bid from $29,980 to $35,980",Official misconduct; fraudulent diversion of public funds,Sentenced,"Raymond Davis, chairman of the committee overseeing construction of the Blairstown Township municipal complex (budgeted at roughly $2.6 million, with a related $92,000 construction-management contract), created a shell company, Municipal Service Group Inc., using a P.O. box address, and used it to divert more than $46,000 in project funds -- including billing $25,000 for services that were never rendered and marking up a security-system bid to pocket the difference. Davis pleaded guilty to second-degree official misconduct and was sentenced in November 2008 to three years in state prison with full restitution ordered.","New Jersey Office of Attorney General, Division of Criminal Justice",https://www.nj.gov/oag/newsreleases08/pr20081121b.html,uncorroborated,"Only the primary NJ Attorney General/Division of Criminal Justice press release was located. A documented search for independent secondary coverage (e.g., New Jersey Herald or other Warren County local press) did not turn up a corroborating source before this task's search budget was exhausted; flagged for follow-up verification before being upgraded to 'probable' or 'confirmed.'",False,,nj-blairstown-davis-shellco,True
nj-sci-1999-school-roofing,NJ,Waste and Abuse: Public School Roofing Projects,1999-12-08,"Statewide, NJ (Edison Township used as primary case example)",New Jersey State Commission of Investigation (SCI),School Construction,"W.P. Hickman Systems Inc. (Fred C. Galda, regional sales mgr.; C. Kelcy Pegler, sales rep); Thomas M. Saltzgueber (Roof Spec/Design Inc., roofing consultant); Edison Township Board of Education; E.R. Barrett Inc.; Jottan Inc. (Toby Chrostowski); Jackson Roofing Co. (Joseph Conzola); J.P. Patti Co. (Charles J. Volpe Sr.)",6000000,"Low end of SCI's estimated $6-10 million in statewide waste and abuse identified across the 115 school-roofing projects (39 districts, 13 counties, ~$37.8 million total project value) it examined; an investigative estimate, not an adjudicated fraud loss","Bid-rigging (proprietary specifications written in secret partnership with a materials supplier to eliminate competition), undisclosed kickback payments from supplier to consultant, certified-payroll fraud (falsified Social Security numbers/hours), prevailing-wage violations",SCI investigative report / public hearing findings,"A statewide SCI investigation of school roofing contracts found that roofing consultant Thomas M. Saltzgueber received undisclosed payments from materials supplier W.P. Hickman Systems Inc. in exchange for writing bid specifications that steered contracts to Hickman products, that design consultants statewide worked in secret partnership with manufacturers/suppliers to write proprietary specs blocking substitution of cheaper materials, that installation contracts (e.g., Edison Township's $6.97 million, 17-roof project) were steered to favored contractors through inadequate public notice and same-day pre-bid meetings, and that some contractors' certified payrolls used phony Social Security numbers and understated hours to evade prevailing-wage law. SCI found evidence of this pattern in more than half of the 39 districts it examined.",New Jersey State Commission of Investigation (SCI),https://nj.gov/sci/documents/Roofing_Report.pdf,probable,"An independent whistleblower blog (schoolroofingscam.blogspot.com, run by an architect unaffiliated with SCI) separately cites and repeats the same named findings (W.P. Hickman Systems, Thomas Saltzgueber, C. Kelcy Pegler, the Edison Township roof project) as part of a broader multi-state roofing-industry corruption narrative; it mirrors rather than independently re-investigates the SCI findings, so this falls short of confirmed independent verification, and no independent news-outlet coverage of the 1999 hearings was located in this search.",False,,nj-sci-schoolroofing-specrigging,False
nj-sci-1971-point-breeze-jersey-city,NJ,"Point Breeze Development Frauds, Jersey City",1971-10-01,"Jersey City, NJ (Point Breeze / Port Jersey waterfront redevelopment)",New Jersey State Commission of Investigation (SCI),Redevelopment,Port Jersey Corporation; former Jersey City municipal building inspector (individual not named in the SCI's public report materials located),1200,"Amount a Hudson County grand jury indicted the former building inspector for extorting from a Port Jersey Corp. official, per SCI's report of the matter",Extortion by a public official; improper receipt of real-estate brokerage commissions on the sale of publicly-owned land; irregularities in urban-renewal and tax-abatement approvals,Indicted and convicted (inspector); SCI investigative report / public hearing (October 1971),"SCI's investigation of the Port Jersey Corp.'s Point Breeze waterfront urban-renewal development in Jersey City found a payoff to public officials, improper receipt of real-estate brokerage commissions on sales of publicly-owned land, and irregular handling of state urban-renewal and tax-abatement procedures. A Hudson County grand jury indicted a former Jersey City building inspector for extorting $1,200 from a Port Jersey Corp. official and for obtaining money under false pretenses; he was convicted on the false-pretenses count and received a $200 fine and a six-month suspended sentence. The investigation led to two legislative reforms: one tightening urban-renewal procedures and another barring a purchaser of publicly-owned land from also collecting part of the brokerage fee on that sale.",New Jersey State Commission of Investigation (SCI),https://www.nj.gov/sci/breeze.shtm,uncorroborated,"Only SCI's own report page (nj.gov/sci/breeze.shtm) and its contemporaneous 8th Annual Report describe this matter in sources located during this search; no independent contemporary news coverage of the 1971-72 indictment/conviction was found (this is a pre-digitization-era case and the individual inspector's name could not be located in any accessible source, so it is not asserted here).",False,,nj-sci-pointbreeze-jerseycity,True
njt-2024-ferrara-hblr,NJ,Bergen County Man Admits Nearly Half Million Dollars in Overtime Fraud Involving Hudson-Bergen Light Rail Projects,2024-04-30,Hudson County (Northern NJ),NJ Transit,Rail/Transit,"Joseph Ferrara (North Arlington, NJ), electrical supervisor for an electrical subcontractor on Hudson-Bergen Light Rail (HBLR) construction projects",487899,"amount fraudulently obtained, agreed forfeiture at plea",Payroll/timesheet fraud (overtime and double-time claimed for hours not worked),Pleaded Guilty,"Joseph Ferrara, an electrical supervisor for a subcontractor on Hudson-Bergen Light Rail (HBLR) construction projects operated by NJ Transit, admitted submitting fraudulent timesheets claiming regular, overtime, and double-time pay for hundreds of hours he did not work between January 2018 and April 2020, including periods when he was vacationing in Florida. He pleaded guilty on April 30, 2024 to embezzling, stealing, and obtaining by fraud funds belonging to a federally funded program, admitting to $487,899 in fraudulently obtained compensation, which he agreed to forfeit.","U.S. Attorney's Office, District of New Jersey",https://www.justice.gov/usao-nj/pr/bergen-county-man-admits-nearly-half-million-dollars-overtime-fraud-involving-hudson,confirmed,"Corroborated by independent news report (Daily Voice, 'Contractor Admits Stiffing Hudson-Bergen Light Rail Nearly $500G For No-Show Work') and the underlying federal criminal information.",False,,,True
ny-nycha-2025-colon,NY,Second NYCHA Superintendent Convicted at Trial in Bribery Sweep -- Hector Colon Sentenced,2025-05-06,New York City,NYCHA,Public Housing,"Hector Colon (former NYCHA superintendent, Harlem River Houses/Fort Washington Houses/Drew Hamilton Houses, Manhattan)",30000,"Restitution/forfeiture ordered at sentencing (bribes received); part of the wider Feb. 2024, 70-employee sweep whose $2.1M aggregate is already counted via ny-nycha-2025-final",Bribery; extortion under color of official right,Sentenced,"Hector Colon, a former NYCHA superintendent at three Manhattan developments (Harlem River Houses, Fort Washington Houses, and Drew Hamilton Houses), was convicted at trial in November 2024 -- the second of three defendants from the February 2024, 70-employee NYCHA bribery sweep to be convicted after trial rather than by guilty plea. Colon demanded roughly 10% of the value of no-bid contracts worth approximately $400,000 total, either up front to award the work or afterward to certify completion for payment, between 2018 and 2022. He was sentenced on May 6, 2025 to 18 months in prison, two years of supervised release, and $30,000 in restitution/forfeiture.","U.S. Attorney's Office, Southern District of New York",https://www.justice.gov/usao-sdny/pr/former-nycha-superintendent-sentenced-18-months-prison-after-trial-conviction-bribery,confirmed,"Corroborated by HUD-OIG's parallel press release and local coverage (Norwood News, Bronx Times, The Chief).",False,,ny-nycha-2024-sweep,False
ny-nycha-2025-gilmore,NY,Third NYCHA Superintendent Convicted at Trial in Bribery Sweep -- Corey Gilmore Sentenced,2025-05-28,New York City,NYCHA,Public Housing,"Corey Gilmore (former NYCHA superintendent, Bronx River Houses/Eastchester Gardens/Forest Houses, Bronx)",32000,"Restitution/forfeiture ordered at sentencing (bribes received); part of the wider Feb. 2024, 70-employee sweep whose $2.1M aggregate is already counted via ny-nycha-2025-final",Bribery; extortion under color of official right,Sentenced,"Corey Gilmore, a former NYCHA superintendent at three Bronx developments (Bronx River Houses, Eastchester Gardens, and Forest Houses) from 2016-2023, was the third of three defendants from the February 2024, 70-employee sweep to be convicted at trial (December 2024) rather than by plea. Gilmore demanded roughly 10-20% of contract value in exchange for awarding no-bid work or approving payment on approximately $215,000 in NYCHA contracts, receiving about $32,000 in bribes. He was sentenced on May 28, 2025 to one year and one day in prison, two years of supervised release, and $32,000 in restitution/forfeiture.","U.S. Attorney's Office, Southern District of New York",https://justice.gov/usao-sdny/pr/former-nycha-superintendent-sentenced-one-year-prison-after-trial-conviction-bribery,confirmed,Corroborated by HUD-OIG's 'Third Former NYCHA Superintendent Convicted' press release documenting the same December 2024 trial conviction.,False,,ny-nycha-2024-sweep,False
ny-nycha-2025-mercado,NY,"Former NYCHA Superintendent Juan Mercado Sentenced for $329,300 Bribery Scheme",2025-01-31,New York City,NYCHA,Public Housing,"Juan Mercado (former NYCHA superintendent, Ravenswood Houses, Long Island City, Queens)",329300,"Restitution/forfeiture ordered at sentencing (bribes received, 2014-2023); part of the wider Feb. 2024, 70-employee sweep whose $2.1M aggregate is already counted via ny-nycha-2025-final",Bribery; extortion under color of official right,Sentenced,"Juan Mercado, a former NYCHA superintendent at Ravenswood Houses in Long Island City, Queens, pleaded guilty and was sentenced on January 31, 2025 to 48 months in prison -- the longest individual sentence among the 70 employees charged in the February 2024 NYCHA bribery sweep -- plus three years of supervised release. From 2014 through July 2023, Mercado demanded and received 10-20% of contract value from multiple contractors in exchange for arranging roughly $1,886,000 in NYCHA contract work, accepting approximately $329,300 in bribes overall.","Office of Inspector General, U.S. Department of Housing and Urban Development",https://hudoig.gov/newsroom/press-release/former-nycha-superintendent-sentenced-48-months-prison-accepting-more-300000,confirmed,"Corroborated by Legal Newsline, QNS, and LIC Post local news coverage, and by the parallel DOJ USAO-SDNY press release.",False,,ny-nycha-2024-sweep,False
ny-nycha-2023-gibbs,NY,Former NYCHA Superintendent Leroy Gibbs Sentenced for Bribery at Frederick Douglass Houses,2023-02-08,New York City,NYCHA,Public Housing,"Leroy Gibbs (former NYCHA Resident Buildings Superintendent, Frederick Douglass Houses, Manhattan)",4000,Forfeiture/restitution ordered at sentencing (bribe proceeds),Bribery (receipt of bribe by agent of federally funded organization); obstruction of justice,Sentenced,"Leroy Gibbs, former Resident Buildings Superintendent at NYCHA's Frederick Douglass Houses in Manhattan, pleaded guilty in October 2022 to soliciting and accepting roughly $2,000 in bribes from a confidential informant posing as a contractor, in exchange for awarding two no-bid NYCHA repair contracts worth just under $10,000 combined (September 2019). He also obstructed justice by deleting text messages and switching phone numbers after learning of the investigation. Gibbs was sentenced on February 8, 2023 to 33 months in prison, three years of supervised release, 360 hours of community service, a $100,000 fine, and $4,000 in forfeiture/restitution. This case predates, and is investigatively and procedurally distinct from, the February 2024, 70-employee NYCHA sweep.",NYC Department of Investigation,https://www.nyc.gov/assets/doi/press-releases/2023/Feb/03GibbsSent02.08.2023.pdf,confirmed,"Corroborated by an earlier, independent HUD-OIG press release on the November 2022 guilty plea ('NYCHA Superintendents Plead Guilty To Accepting Bribes').",False,,nycha-super-bribery-2019-2022,True
ny-nycha-2023-figueroa,NY,Former NYCHA Assistant Superintendent Julio Figueroa Sentenced for Bronx Bribery Scheme,2023-02-09,New York City,NYCHA,Public Housing,"Julio Figueroa (former Assistant Resident Buildings Superintendent, Bailey Ave-W193 St. and Fort Independence St.-Heath Ave. Houses, Bronx)",12000,Forfeiture/restitution ordered at sentencing (bribe proceeds),Bribery (receipt of bribe by agent of federally funded organization),Sentenced,"Julio Figueroa, former Assistant Resident Buildings Superintendent at NYCHA's Bailey Avenue-West 193rd Street and Fort Independence Street-Heath Avenue Houses in the Bronx, pleaded guilty in November 2022 to soliciting and accepting approximately $6,000 in bribes between July 2021 and August 2022 from a contractor acting as a confidential informant, in exchange for awarding no-bid NYCHA contracts worth roughly $46,622. He resigned from NYCHA in December 2022 and was sentenced on February 9, 2023 to 15 months in prison, three years of supervised release, and $12,000 in forfeiture/restitution. Like the related Gibbs case, this predates and is separate from the February 2024, 70-employee sweep.",NYC Department of Investigation,https://www.nyc.gov/assets/doi/press-releases/2023/Feb/06.Figueroa.02.09.2023.pdf,confirmed,Corroborated by the same HUD-OIG press release on the November 2022 joint guilty pleas as the Gibbs case.,False,,nycha-super-bribery-2019-2022,True
ny-nycha-2021-microcontracts,NY,Nine Contractors Indicted for Bribing NYCHA Superintendents in Brooklyn 'Micro-Purchase' Kickback Scheme,2021-09-20,New York City,NYCHA,Public Housing,"Lakhwinder Kumar & Kumar Construction Corp.; Charanjit Singh, Satbir Singh & Fine Touch Construction; Davinder Singh, Nishan Singh, Yuvi Development Inc. & NB Builders; Surinder Singh, Guriqbal Singh, A. Peter Luger Construction, PKG Contracting Corp. & Heera and G. Builders; Jaswant Banga Singh & Khushi Construction Inc.; Bakhshish Chand & Amar Contracting",20000,"Cash bribes alleged in the indictment (plus roughly $1,000 in gift cards/gifts) for 'micro-purchase' no-bid repair contracts",Commercial bribery; offering a false instrument for filing; unlawful gratuities; conspiracy,Indicted,"The Brooklyn District Attorney's Office and NYC Department of Investigation indicted nine contractors and six associated construction companies for bribing NYCHA superintendents at Red Hook Houses West and Lafayette Gardens (Clinton Hill) to secure 'micro-purchase' no-bid repair contracts valued under $10,000 each. Undercover investigators posing as NYCHA superintendents documented more than 35 bribe payments over roughly two years, totaling about $20,000 in cash plus gift cards and gifts. The defendants were arraigned in Brooklyn Supreme Court on September 20, 2021; prosecutors said the scheme was 'likely far more widespread.' This is a separate, earlier, state-level (contractor-side rather than employee-side) prosecution distinct from the federal, 70-employee NYCHA sweep announced in February 2024.",Brooklyn District Attorney's Office / NYC Department of Investigation,https://www.nyc.gov/assets/doi/press-releases/2021/September/pr_NYCHA_ind_9_20_2021.pdf,probable,"The indictment is independently corroborated by Brooklyn Eagle, NBC New York, ABC7 New York, and BKReader coverage; classed 'probable' rather than 'confirmed' because no independent source confirming the case's ultimate disposition (plea, trial, or dismissal) could be located.",False,,nycha-micro-purchase-kickback-brooklyn,True
ny-comptroller-2011-edc-turner-questionablepayments,NY,Audit Report on the New York City Economic Development Corporation's Oversight of Turner Construction Company's Contract for Facility and Construction Management Services,2011-02-09,New York City,NYC EDC,Economic-Development Capital Construction,NYC Economic Development Corporation (EDC); Turner Construction Company,1796107,"NYC Comptroller audit finding of 'questionable/unsubstantiated payments' lacking documentation, within a larger $3,344,961 in flagged costs on a contract EDC grew from $7.5M to $73.5M via 21 change orders; an audit sampling finding, not an adjudicated loss or recoupment",Contractor overbilling / unsubstantiated construction-management billing,Report released,"A NYC Comptroller audit found the Economic Development Corporation exercised almost no independent oversight of Turner Construction's facility/construction-management contract, whose value grew nearly tenfold (from $7.5M to $73.5M) through 21 change orders. Auditors identified $3.34M in flagged costs, including $1.796M in payments deemed 'inappropriate and questionable' for lack of substantiating documentation (contaminated-material disposal paid without required pre-audit, unsubstantiated excavation and elevator work, missing subcontractor price-proposal reviews on over 71% of sampled change orders). EDC disputed the findings as 'flawed and misleading'; no referral to DOI or a DA was found in the report or contemporaneous coverage.",NYC Office of the Comptroller,https://comptroller.nyc.gov/wp-content/uploads/documents/FR10_075A.pdf,confirmed,"Independently corroborated by The Real Deal ('Audit accuses city of lack of oversight in $73.5M Turner construction contract,' 2011-03-03), which reports the same $3.3M figure and the EDC dispute.",False,,,False
ny-comptroller-2012-doitt-hp-ectp-overbilling,NY,Audit Report on the Hewlett-Packard System Integration Contract Expenditures Associated with the Emergency Communications Transformation Program,2012-05-30,New York City,NYC DoITT,Emergency Communications Infrastructure,"NYC Department of Information Technology and Telecommunications (DoITT); Hewlett-Packard (HP), prime system integrator",2509451,"NYC Comptroller audit-identified billing errors on HP's time-and-materials work on the Emergency Communications Transformation Program; a separate $106M in HP's time-and-materials billings was flagged by the audit as potentially recoupable (an audit sampling/extrapolation finding, not an adjudicated or recouped loss)",Contractor overbilling / improper time-and-materials billing practices,Report released,"A NYC Comptroller audit of DoITT's Emergency Communications Transformation Program (the roughly $2B citywide 911-system overhaul) found that Hewlett-Packard, the prime system integrator, billed the City using inflated consultant titles, unsupported labor hours, and unauthorized overtime, with timesheets sometimes approved as long as 885 days after the work was performed. Auditors identified $2.5 million in specific billing errors and stated the City could potentially recoup up to $106 million of HP's questioned time-and-materials billings. The Comptroller's report does not itself use the word 'fraud' and contains no referral to DOI or the Manhattan DA in the primary document, though some contemporaneous tech press used that word in headlines.",NYC Office of the Comptroller,https://comptroller.nyc.gov/reports/audit-report-on-the-hewlett-packard-system-integration-contract-expenditures-associated-with-the-emergency-communications-transformation-program,confirmed,"Independently corroborated by IEEE Spectrum, The Register, and GovTech coverage of the same May 2012 audit, though this entry does not adopt IEEE Spectrum's unverified 'fraud'/DA-referral characterization, which the primary audit document does not support.",False,,,False
ny-comptroller-2023-doe-sphinx-certifiedpayroll,NY,"NYC Comptroller's Office Secures $500,000+ Settlement from Construction Firms for Wage Theft and Payroll Fraud",2023-06-13,New York City,NYC Department of Education,School Construction/Renovation,Sphinx Construction (subcontractor); D&K Construction Co.; Geomatrix Services; Gridspan Corp.; Volmar Construction (prime contractors held liable),516500,"Settlement recovered by the NYC Comptroller's Bureau of Labor Law from four prime contractors, held liable for their subcontractor's prevailing-wage violations on 19 NYCDOE school construction projects, 2014-2016",Certified payroll fraud / prevailing-wage theft,Settled,"The NYC Comptroller's own Bureau of Labor Law found that subcontractor Sphinx Construction omitted workers from the certified payroll reports it submitted for 19 NYCDOE public school construction projects between 2014 and 2016, concealing that those workers were not being paid the mandated prevailing wage. The Comptroller held the four prime general contractors liable for their subcontractor's violations and recovered a $516,500 settlement.",NYC Office of the Comptroller,https://comptroller.nyc.gov/newsroom/nyc-comptrollers-office-secures-500000-settlement-from-construction-firms-for-wage-theft-and-payroll-fraud,confirmed,"Independently corroborated by Crain's New York Business ('Comptroller Brad Lander reaches $500K settlement with construction firms over wage theft, payroll fraud,' 2023-06-13).",False,,,True
ny-comptroller-2024-nycha-contractor-repairs-audit,NY,Audit Report on the New York City Housing Authority's Monitoring of Contractor Repairs,2024-11-20,New York City,NYCHA,Public Housing Repair/Maintenance Contracts,NYC Housing Authority (NYCHA),15100000,"NYC Comptroller audit-based statistical estimate of unsubstantiated/undocumented micro-purchase repair payments (27% error rate on $55.8M sampled), which the audit separately noted could reach as much as $36.6M citywide; an audit extrapolation, not an adjudicated or recouped loss, and overlapping in subject matter with the federal bribery sweep already captured via ny-nycha-2025-final",Contractor overbilling / unsubstantiated repair-contract payments,Report released,"Prompted by the February 2024 federal indictment of 70 current/former NYCHA employees for bribery and extortion in awarding no-bid repair contracts under $10,000 (already captured in this dataset via the ny-nycha-2024/2025 sweep entries), the NYC Comptroller's own audit separately examined NYCHA's documentation for those same micro-purchase repairs and found 46% of sampled purchase orders ($301,678 of $648,786 examined) lacked evidence the work was performed, extrapolating to $15.1M in unsubstantiated payments across four work categories (up to $36.6M citywide). One flagged example: $186,447 paid for 19 bathtub-surround installations in the Bronx with no supporting documentation, approved by an employee who was among those indicted. The audit states the Federal Monitor overseeing NYCHA 'made multiple referrals to law enforcement relating to potentially fraudulent activity.' Because this audit's dollar exposure substantially overlaps the existing DOJ-sourced NYCHA bribery-sweep entries, its figure is not counted toward the aggregate exposure total to avoid double-counting.",NYC Office of the Comptroller,https://comptroller.nyc.gov/reports/audit-report-on-the-new-york-city-housing-authoritys-monitoring-of-contractor-repairs,confirmed,"Independently corroborated by THE CITY ('Rampant Lack of Oversight Led to NYCHA Contract Corruption, Comptroller Audit Finds,' 2024-11-20) and the Bronx Times, both confirming the $36.6M figure and the link to the February 2024 indictment.",False,,ny-nycha-2024-sweep,False
ny-dotoig-2009-afc-catapano,NY,AFC Enterprises President and Associate Sentenced for Bribing Union Officials and Utility Representatives on NY-Area Roadway Reconstruction Projects,2009-07-14,New York City,NYSDOT,Highway,"Andrew Catapano (President, AFC Enterprises, Inc.); John Mikuszewski (engineer/consultant, Rosewood Contracting Corp.)",1200000,"Joint criminal forfeiture ordered at sentencing (plus $50,000 combined fines and roughly $200,000 IRS restitution); underlying scheme involved about $10M in illicit proceeds and over $11M in inflated utility 'interference work' billings, 1990-2004",Bribery of union officials and utility representatives; mail fraud; money laundering,Sentenced,"AFC Enterprises executive Andrew Catapano and consultant John Mikuszewski admitted bribing union officials to reduce required crew sizes and bribing Con Edison representatives to approve inflated 'interference work' billings on federally funded roadway reconstruction projects across the New York City area between 1990 and 2004. Originally indicted in April 2006, Catapano pleaded guilty mid-trial in December 2008 and was sentenced in July 2009. FHWA subsequently suspended and moved to debar both sentenced defendants. DOT-OIG led the investigation jointly with the U.S. Attorney's Office for the Eastern District of New York.",U.S. DOT Office of Inspector General,https://www.oig.dot.gov/library-item/29912,confirmed,Independently corroborated by the original U.S. Attorney's Office (EDNY) 2006 indictment press release.,False,,ny-dotoig-afc-catapano-roadway,True
ny-dotoig-2011-eea-skanska-fulton-street,NY,Skanska Pays $19.6 Million and EEA Executives Indicted in Fulton Street Transit Center DBE Fraud Scheme,2011-03-31,New York City,MTA,Transit,"Balu Kamat (President, Environmental Energy Associates); Carmine Desio (VP, EEA); Skanska USA Civil Northeast, Inc.",19600000,"Civil settlement paid by prime contractor Skanska USA Civil Northeast to USDOT and MTA ($9.8M each); Kamat separately forfeited $188,000 and paid a $50,000 fine at his November 2011 sentencing",DBE front-company/pass-through fraud; conspiracy to commit mail and wire fraud,Civil settlement,"Federal prosecutors charged EEA executives Balu Kamat and Carmine Desio with operating EEA as a DBE front company on the MTA's $1.4 billion Fulton Street Transit Center project, accepting a $5.2 million concrete/demolition subcontract it could not perform while prime contractor Skanska effectively self-performed the work and helped create the appearance of DBE participation. Skanska settled with USDOT and the MTA for $19.6 million the same week without admitting wrongdoing; Kamat later pleaded guilty and was sentenced to home confinement, forfeiting $188,000.","U.S. Attorney's Office, Southern District of New York",https://www.justice.gov/archive/usao/nys/pressreleases/March11/kamatbaluanddesiocarmineindictmentskanskapr.pdf,confirmed,Independently corroborated by Engineering News-Record (Skanska's $19.6M settlement) and DOT-OIG's own case library (Kamat sentencing).,False,,ny-dotoig-eea-skanska-fulton-st,True
ny-dotoig-2023-manotrees-sueperior,NY,Man O'Trees and Sue-Perior Concrete Owners Sentenced for DBE Fraud on Western New York Highway Projects,2023-12-20,Western NY,NYSDOT,Highway,"Man O'Trees, Inc. (MOT); David Pfeiffer (MOT owner/president); Sue-Perior Concrete and Paving, Inc.; Thomas Colton (Sue-Perior majority owner/president)",210000,"Combined criminal fines ordered at sentencing (Man O'Trees $200,000; Pfeiffer and Colton $5,000 each); underlying ARRA/DOT-funded highway contracts affected were valued at approximately $15.5 million",DBE pass-through/front-company fraud; conspiracy to commit mail fraud,Sentenced,"Between 2009 and 2013, general contractor Man O'Trees used Sue-Perior Concrete and Paving's DBE certification to win Western New York highway contracts partly funded by the 2009 stimulus (ARRA) and valued at roughly $15.5 million, while Man O'Trees performed the actual work itself, denying the program's benefit to a genuine disadvantaged business. Owners David Pfeiffer and Thomas Colton pleaded guilty to conspiracy to commit mail fraud and were sentenced alongside the corporate defendant in December 2023, more than seven years after DOT-OIG and FHWA's 2016 indictment.",U.S. DOT Office of Inspector General,https://www.oig.dot.gov/library-item/46117,confirmed,"Independently corroborated by the U.S. Attorney's Office, Western District of New York press release on the original 2016 indictment.",False,,ny-dotoig-manotrees-sueperior,True
ny-dotoig-2025-intercounty-lizza,NY,Long Island Paving Company Owner and Employee Sentenced for Certified Payroll Fraud on FAA and Port Authority Contracts,2025-07-11,Long Island,Port Authority (NY/NJ),Airport,"Frank Lizza (former owner, Intercounty Paving Associates, LLC); Ramon De Los Santos (former Intercounty employee); LR Safety Consultants & Construction Services, LLC; 4L Equipment Leasing, LLC",49362,"Joint-and-several restitution to the union benefits fund ordered at sentencing; Lizza separately owed an additional $182,119 in IRS restitution determined at a follow-up hearing",Certified payroll fraud / false statements to FAA; diversion of union work to evade benefit-fund contributions,Sentenced,"Between 2014 and 2018, Intercounty Paving owner Frank Lizza and employee Ramon De Los Santos submitted falsified certified payrolls to the FAA and the Port Authority of NY & NJ, intentionally omitting hours worked by unionized employees of LR Safety Consultants and reassigning that work to a non-union shell company, 4L Equipment Leasing, to avoid required union benefit-fund payments. Both were sentenced in 2025 following a multi-year DOT-OIG, IRS-CI, DOL-OIG, and Port Authority-OIG investigation; FHWA moved to debar Lizza and his companies in March 2026.",U.S. DOT Office of Inspector General,https://www.oig.dot.gov/library-item/46881,confirmed,"Multi-agency joint investigation independently corroborated across DOT-OIG, IRS Criminal Investigation, DOL-OIG, and Port Authority-OIG filings.",False,,ny-dotoig-intercounty-lizza,True
ny-dotoig-2017-sanzo-willis-ave,NY,New Jersey-Based DBE Contractor Sentenced for Kickback Scheme on the Willis Avenue Bridge Project,2017-06-20,New York City,NYC Dept. of Transportation,Bridge,"Carol Sanzo; Sanzo, Ltd. (Cranford, NJ, DBE-certified fuel supplier)",250000,"Criminal forfeiture ordered at sentencing (plus an $18,000 fine); underlying DBE subcontract Sanzo used as a front was valued at approximately $6 million",DBE pass-through/kickback fraud; conspiracy to commit wire fraud,Sentenced,"Between 2008 and 2012, Carol Sanzo used her DBE-certified fuel-supply company as a pass-through on the FHWA-funded, NYC DOT-administered Willis Avenue Bridge project, falsely claiming her firm supplied fuel while actually routing prime-contractor payments through Sanzo Ltd. to non-DBE subcontractors and retaining a kickback for herself. She pleaded guilty to conspiracy to commit wire fraud and was sentenced to home confinement, probation, forfeiture, and a fine; FHWA later debarred her and her company for three years.",U.S. DOT Office of Inspector General,https://www.oig.dot.gov/library-item/35803,confirmed,"Independently corroborated by the U.S. Attorney's Office, District of New Jersey press release on Sanzo's guilty plea and the subsequent FHWA debarment notice.",False,,ny-dotoig-sanzo-willis-ave,True
nj-dotoig-2024-mv-contracting,NJ,"New Jersey Highway Contractor Pays $950,000 to Settle DBE False Claims Act Allegations",2024-09-25,Central NJ,NJDOT,Highway,"MV Contracting, Inc. (Rahway/Colonia, NJ)",950000,"Civil False Claims Act settlement; $475,000 restored to FHWA",False DBE certification / False Claims Act,Civil settlement,"MV Contracting, a New Jersey highway contractor, resolved allegations that from October 2016 through April 2019 it obtained several FHWA-funded contracts set aside for Disadvantaged Business Enterprises despite knowing it did not qualify for DBE status, then submitted payment claims for that work. The company paid $950,000 to settle the civil False Claims Act allegations without admitting liability; DOT-OIG and the Port Authority of NY & NJ-OIG investigated alongside the U.S. Attorney's Office, District of New Jersey.","U.S. Attorney's Office, District of New Jersey",https://www.justice.gov/usao-nj/pr/highway-contractor-pay-950000-settle-false-claims-act-allegations,confirmed,"Independently corroborated by trade press (Construction Dive, Equipment World) and DOT-OIG's own case library.",False,,nj-dotoig-mv-contracting,True
ny-dotoig-2021-naughton-tappan-zee,NY,"Pennsylvania Fuel Supplier Pays $692,000 to Settle DBE Fraud Claims on the New NY Bridge (Tappan Zee Replacement) Project",2021-06-01,Hudson Valley,NYSDOT,Bridge,Naughton Energy Corporation (Pennsylvania); Mariette Naughton (owner); Joseph Naughton (owner),692000,"Settlement payment under a $3,273,600 consent judgment (balance suspended pending settlement compliance)",DBE fraud (front-company/pass-through); False Claims Act,Civil settlement,"Naughton Energy, a Pennsylvania-based, DBE-certified fuel supplier on the multibillion-dollar New NY Bridge (Tappan Zee replacement) project, misrepresented to prime contractor Tappan Zee Constructors that it was performing fuel-delivery work itself between August 2013 and January 2020, when a non-DBE subcontractor was actually doing most of the work. DOT-OIG led the investigation jointly with the New York State Inspector General, the Port Authority of NY & NJ-OIG, and the U.S. Attorney's Office for the Southern District of New York; Naughton Energy and its owners settled for $692,000 under a $3.27 million consent judgment.",U.S. DOT Office of Inspector General,https://www.oig.dot.gov/library-item/38417,confirmed,"Independently corroborated by the NYS Inspector General's own press release and trade press (National Law Review, GCAP Services).",False,,ny-dotoig-naughton-tappan-zee,True
ny-dotoig-2008-loguidice-dbe,NY,Long Island Construction Company Owners Sentenced for DBE Fraud and Pension Fund Embezzlement Scheme,2008-03-13,Long Island,NYSDOT,Highway,"Dorothy Loguidice (owner, Andrea Doreen Construction, Inc.); Michael Loguidice (owner, JCS Construction)",1100000,"Amount forfeited to the government at sentencing; underlying scheme fraudulently obtained approximately $7.8M in DBE trucking/excavation subcontracts, and $900,000 in back taxes was separately ordered as restitution",DBE false-certification fraud; money laundering; embezzlement of employee pension funds; tax fraud,Sentenced,"Dorothy and Michael Loguidice, operators of Long Island trucking/excavation firms Andrea Doreen Construction and JCS Construction, fraudulently certified their companies as Disadvantaged Business Enterprises to win roughly $7.8 million in federally funded highway subcontracts, while also embezzling from an employee pension fund and filing false corporate tax returns. They were sentenced to more than a year in prison, ordered to forfeit $1.1 million, and pay $900,000 in back taxes, following a DOT-OIG/FHWA investigation coordinated through the Long Island Federal Construction Fraud Task Force.",U.S. DOT Office of Inspector General,https://www.oig.dot.gov/library-item/31109,uncorroborated,"No independent second source (news archive or USAO press release) located despite a documented search; DOT-OIG's own case library is the only source found, consistent with this dataset's existing treatment of similarly aged, hard-to-verify cases (e.g. ny-nycdot-2008-01).",False,,ny-dotoig-loguidice-dbe,True
sec-2016-united-chairmans-flight,NY/NJ,United Continental Holdings Settles SEC Charges Over Flight Route Reinstated to Benefit Port Authority Chairman,2016-12-02,Statewide / Multi-Region,Port Authority (NY/NJ),Airport,"United Continental Holdings, Inc.; David Samson (former Port Authority Chairman, named in the order's narrative but not a respondent in this SEC proceeding)",2400000,"SEC civil penalty paid by United Continental Holdings, Inc. under a books-and-records/internal-controls order (separate from the $2.25M United paid under a non-prosecution agreement with the U.S. Attorney, and separate from Samson's own criminal case)",Books-and-records and internal-accounting-controls violations (Exchange Act Sections 13(b)(2)(A)/(B)) arising from an undisclosed bribery-adjacent benefit to a public official,Civil settlement,"In 2011, United reinstated a money-losing nonstop route between Newark and Columbia, SC, at the request of then-Port Authority Chairman David Samson, who wanted easier access to his South Carolina home, after United officials discussed fears that Samson could otherwise impede Port Authority approval of United's pending Newark hangar project. The SEC found United's CEO approved the route outside the airline's normal review process and that United failed to maintain accurate books and records reflecting the decision's true rationale. United settled the SEC's charges by paying a $2.4 million civil penalty; Samson separately pleaded guilty to bribery over the same scheme in a parallel DOJ case (see panynj-2016-samson-chairmans-flight).",U.S. Securities and Exchange Commission,https://www.sec.gov/files/litigation/admin/2016/34-79454.pdf,confirmed,"Independently corroborated by SEC press release 2016-253, the parallel DOJ/USAO-NJ non-prosecution agreement, and contemporaneous press coverage (WHYY, Courthouse News, Corporate Crime Reporter).",False,,panynj-samson-chairmansflight-2016,True
panynj-2017-sec-roadway-bond-disclosure,NY/NJ,Port Authority of New York and New Jersey Charged With Failing to Disclose Legal Risks to Bondholders Financing New Jersey Roadway Projects,2017-01-10,Statewide / Multi-Region (NJ),Port Authority (NY/NJ),Highway/Road,Port Authority of New York and New Jersey,400000,SEC civil penalty paid by the Port Authority,Municipal bond disclosure fraud (Securities Act Sections 17(a)(2)/17(a)(3)) -- omission of known legal-authority risk to bondholders financing named capital roadway projects,Civil settlement,"Between January 2012 and June 2014, the Port Authority issued roughly $2.3 billion in consolidated bonds that included about $1.8 billion earmarked for New Jersey state roadway projects -- the Pulaski Skyway, the Route 139 Hoboken/Conrail viaducts, the Wittpenn (Route 7) Bridge over the Hackensack River, and Route 1&9T -- even though its own in-house lawyers had privately concluded there was 'no clear path to legislative authority' to fund non-Port-Authority roadways and had flagged 'the risk of a successful challenge by the bondholders and investors.' Bond offering documents nonetheless told investors the proceeds were being used 'only for purposes for which the Port Authority is authorized by law.' The Port Authority settled by admitting the SEC's findings and paying a $400,000 civil penalty, becoming the first municipal bond issuer to admit wrongdoing in an SEC enforcement action.",U.S. Securities and Exchange Commission,https://www.sec.gov/files/litigation/admin/2017/33-10278.pdf,confirmed,"Independently corroborated by SEC press release 2017-4, Bloomberg's Jan. 10, 2017 report, and a Chapman and Cutler LLP client alert summarizing the same admitted findings.",False,,panynj-roadway-bond-disclosure-2017,True
